/Volumes/Expansion/PORTFOLIO_FINAL/Inconnu/AUTRES/19103-LBG Brand launch video - Customer voice 2 X02.mp3,20.402517
/Volumes/Expansion/PORTFOLIO_FINAL/Inconnu/AUTRES/ANUBIS EN-AR X03.mp3,19.973646
/Volumes/Expansion/PORTFOLIO_FINAL/Inconnu/AUTRES/Aldeen X03 .mp3,2.92202
/Volumes/Expansion/PORTFOLIO_FINAL/Inconnu/AUTRES/Aziz_En-Ar_Reda.mp3,18.194592
/Volumes/Expansion/PORTFOLIO_FINAL/Inconnu/AUTRES/Chemonics Manifesto_En-Ar.mp3,12.582168
/Volumes/Expansion/PORTFOLIO_FINAL/Inconnu/AUTRES/Crox 4 DZ + INTRO + TAgline .mp3,2.6656604
/Volumes/Expansion/PORTFOLIO_FINAL/Inconnu/AUTRES/Crox Guermech.mp3,6.0308995
/Volumes/Expansion/PORTFOLIO_FINAL/Inconnu/AUTRES/Delicious-Fr.mp3,4.1945944
/Volumes/Expansion/PORTFOLIO_FINAL/Inconnu/AUTRES/Duolingo_Ar_Reda.mp3,8.6340065
/Volumes/Expansion/PORTFOLIO_FINAL/Inconnu/AUTRES/FDA_S45_3a.mp3,31.552809
/Volumes/Expansion/PORTFOLIO_FINAL/Inconnu/AUTRES/French Grumpy X04.mp3,27.486912
/Volumes/Expansion/PORTFOLIO_FINAL/Inconnu/AUTRES/Grumpy French Accent .mp3,7.5623884
/Volumes/Expansion/PORTFOLIO_FINAL/Inconnu/AUTRES/Grumpy French Accent _01.mp3,5.450755
/Volumes/Expansion/PORTFOLIO_FINAL/Inconnu/AUTRES/Jackpot Shanty X03.mp3,0.9911591
/Volumes/Expansion/PORTFOLIO_FINAL/Inconnu/AUTRES/KASHF_En-Ar_Reda.mp3,20.855145
/Volumes/Expansion/PORTFOLIO_FINAL/Inconnu/AUTRES/MesAmours-----.mp3,14.976576
/Volumes/Expansion/PORTFOLIO_FINAL/Inconnu/AUTRES/MesAmours2.mp3,16.562477
/Volumes/Expansion/PORTFOLIO_FINAL/Inconnu/AUTRES/OnLine EN AR.mp3,17.604443
/Volumes/Expansion/PORTFOLIO_FINAL/Inconnu/AUTRES/Path of Exile 2 - Sand Djinn (Male Boss).mp3,4.020438
"/Volumes/Expansion/PORTFOLIO_FINAL/Inconnu/AUTRES/Path of Exile 2 - Zamani, the Faridun Prince (Male Boss).mp3",10.837368
/Volumes/Expansion/PORTFOLIO_FINAL/Inconnu/AUTRES/PoE_2_-_Serath_Boss_Script (1).mp3,15.855666
/Volumes/Expansion/PORTFOLIO_FINAL/Inconnu/AUTRES/Pogu-MyLordIsHiring_FirstEncounter_with_humming_guide.mp3,0.038903248
/Volumes/Expansion/PORTFOLIO_FINAL/Inconnu/AUTRES/Pronounciation test .mp3,23.65569
/Volumes/Expansion/PORTFOLIO_FINAL/Inconnu/AUTRES/Reda Khiar_supreme_bac.mp3,5.538615
/Volumes/Expansion/PORTFOLIO_FINAL/Inconnu/AUTRES/Reel Sizzle Arabic -12.mp3,23.944084
/Volumes/Expansion/PORTFOLIO_FINAL/Inconnu/AUTRES/Reel Sizzle Arabic -13.mp3,13.012771
/Volumes/Expansion/PORTFOLIO_FINAL/Inconnu/AUTRES/Reel Sizzle Arabic -15.mp3,23.845364
/Volumes/Expansion/PORTFOLIO_FINAL/Inconnu/AUTRES/Reel Sizzle Arabic -16b.mp3,7.0308437
/Volumes/Expansion/PORTFOLIO_FINAL/Inconnu/AUTRES/Reel Sizzle Arabic -20.mp3,8.2933445
/Volumes/Expansion/PORTFOLIO_FINAL/Inconnu/AUTRES/Reel Sizzle Arabic -3.mp3,11.414143
/Volumes/Expansion/PORTFOLIO_FINAL/Inconnu/AUTRES/Reel Sizzle Arabic -55.mp3,6.061165
/Volumes/Expansion/PORTFOLIO_FINAL/Inconnu/AUTRES/Reel Sizzle Arabic -8.mp3,7.0390887
/Volumes/Expansion/PORTFOLIO_FINAL/Inconnu/AUTRES/SPonsor EN.mp3,10.161498
/Volumes/Expansion/PORTFOLIO_FINAL/Inconnu/AUTRES/ST&P.mp3,8.474544
/Volumes/Expansion/PORTFOLIO_FINAL/Inconnu/AUTRES/Sameer_En-Ar-Stereo_Reda.mp3,30.89484
/Volumes/Expansion/PORTFOLIO_FINAL/Inconnu/AUTRES/Sameer_En-Ar_Reda.mp3,0.0
/Volumes/Expansion/PORTFOLIO_FINAL/Inconnu/AUTRES/Skander19.05.23mp3.mp3,19.212238
/Volumes/Expansion/PORTFOLIO_FINAL/Inconnu/AUTRES/Taking Cover_NPR Embedded Role7 En_Ar _Reda.mp3,38.687
/Volumes/Expansion/PORTFOLIO_FINAL/Inconnu/AUTRES/USSR TANK PILOT.mp3,1.0359833
/Volumes/Expansion/PORTFOLIO_FINAL/Inconnu/AUTRES/Wantaf XX.mp3,1.224241
/Volumes/Expansion/PORTFOLIO_FINAL/Inconnu/AUTRES/brbrbrbrbrbrReda .mp3,17.286896
/Volumes/Expansion/PORTFOLIO_FINAL/Inconnu/AUTRES/brbrbrbrbrbrReda.mp3,20.274263
/Volumes/Expansion/PORTFOLIO_FINAL/Inconnu/AUTRES/dredi.mp3,23.745522
/Volumes/Expansion/PORTFOLIO_FINAL/Inconnu/AUTRES/voice_reference_1 (1).mp3,1.6681902
/Volumes/Expansion/PORTFOLIO_FINAL/Inconnu/AUTRES/voice_reference_2.mp3,2.1100955
/Volumes/Expansion/PORTFOLIO_FINAL/Inconnu/AUTRES/voice_reference_3.mp3,3.9425943
/Volumes/Expansion/PORTFOLIO_FINAL/Inconnu/ELEARNING_CORPO/Alex5.mp3,39.42034
/Volumes/Expansion/PORTFOLIO_FINAL/Inconnu/ELEARNING_CORPO/Chemonics Manifesto_En-Ar.mp3,6.5080175
/Volumes/Expansion/PORTFOLIO_FINAL/Inconnu/ELEARNING_CORPO/brbrbrbrbrbrReda .mp3,16.251276
/Volumes/Expansion/PORTFOLIO_FINAL/Inconnu/ELEARNING_CORPO/brbrbrbrbrbrReda.mp3,21.031065
/Volumes/Expansion/PORTFOLIO_FINAL/Inconnu/MEDICAL/3 sans titre.mp3,19.988377
/Volumes/Expansion/PORTFOLIO_FINAL/Inconnu/PUBLICITE/Chemonics Manifesto_En-Ar.mp3,19.090185
/Volumes/Expansion/PORTFOLIO_FINAL/Inconnu/PUBLICITE/dredi.mp3,13.844409
"/Volumes/Expansion/PORTFOLIO_FINAL/FRANCAIS/AUTRES/
Corpo BTP.mp3",38.36205
"/Volumes/Expansion/PORTFOLIO_FINAL/FRANCAIS/AUTRES/
JW MARRIOT_JW BATHING.mp3",12.157584
"/Volumes/Expansion/PORTFOLIO_FINAL/FRANCAIS/AUTRES/
JW MARRIOT_JW BATHING_FRX03.mp3",12.1074705
/Volumes/Expansion/PORTFOLIO_FINAL/FRANCAIS/AUTRES/0$ Trading Fees - Male French X04.mp3,30.111834
"/Volumes/Expansion/PORTFOLIO_FINAL/FRANCAIS/AUTRES/0730_WGame_ENVO_MVO_soft, even cowardly sometimes X03.mp3",51.246956
/Volumes/Expansion/PORTFOLIO_FINAL/FRANCAIS/AUTRES/1 50 Documental.mp3,17.143013
/Volumes/Expansion/PORTFOLIO_FINAL/FRANCAIS/AUTRES/1 sans titre.mp3French male voice for enganging industrial product film.mp3,19.918709
/Volumes/Expansion/PORTFOLIO_FINAL/FRANCAIS/AUTRES/1-Al FAtiha  FRX03.mp3,24.121073
/Volumes/Expansion/PORTFOLIO_FINAL/FRANCAIS/AUTRES/1-Min French Cat Tech Brand Architecture X02.mp3,13.296615
/Volumes/Expansion/PORTFOLIO_FINAL/FRANCAIS/AUTRES/10 second quote in french (Senegal or Burkina Faso accent).mp3,5.1548486
/Volumes/Expansion/PORTFOLIO_FINAL/FRANCAIS/AUTRES/100SMC.mp3,4.6879306
/Volumes/Expansion/PORTFOLIO_FINAL/FRANCAIS/AUTRES/150  FR.mp3,29.295269
/Volumes/Expansion/PORTFOLIO_FINAL/FRANCAIS/AUTRES/184382 - SLD Campaign - FrenchX03.mp3,8.984446
/Volumes/Expansion/PORTFOLIO_FINAL/FRANCAIS/AUTRES/18V system French_Reda.mp3,15.609884
/Volumes/Expansion/PORTFOLIO_FINAL/FRANCAIS/AUTRES/192742 - French PFM Asset Localization .mp3,12.127298
/Volumes/Expansion/PORTFOLIO_FINAL/FRANCAIS/AUTRES/192742 - French PFM Asset Localization X04.mp3,3.5994947
/Volumes/Expansion/PORTFOLIO_FINAL/FRANCAIS/AUTRES/1MKm FRX02.mp3,45.543564
/Volumes/Expansion/PORTFOLIO_FINAL/FRANCAIS/AUTRES/1min Social_Fr_Reda.mp3,18.242668
/Volumes/Expansion/PORTFOLIO_FINAL/FRANCAIS/AUTRES/2 min Explainer French X 02 .mp3,22.053946
/Volumes/Expansion/PORTFOLIO_FINAL/FRANCAIS/AUTRES/2 min Explainer French mp3.mp3,19.26773
"/Volumes/Expansion/PORTFOLIO_FINAL/FRANCAIS/AUTRES/20 Second Cinematic Reel for Instagram FR X03
.mp3",2.9090233
/Volumes/Expansion/PORTFOLIO_FINAL/FRANCAIS/AUTRES/2025 30 Sec. Brand Commercial FrenchX02.mp3,14.388674
/Volumes/Expansion/PORTFOLIO_FINAL/FRANCAIS/AUTRES/2026.UE Team FRX03.mp3,5.944065
/Volumes/Expansion/PORTFOLIO_FINAL/FRANCAIS/AUTRES/24_09_27 Prix Pr Gueddich.mp3,1.2442039
/Volumes/Expansion/PORTFOLIO_FINAL/FRANCAIS/AUTRES/250 ans FR X03.mp3,11.213103
/Volumes/Expansion/PORTFOLIO_FINAL/FRANCAIS/AUTRES/3D Finder FRX03.mp3,17.991756
/Volumes/Expansion/PORTFOLIO_FINAL/FRANCAIS/AUTRES/3D Video Voiceover.mp3,0.2984753
/Volumes/Expansion/PORTFOLIO_FINAL/FRANCAIS/AUTRES/3SS FRX03.mp3,9.337234
/Volumes/Expansion/PORTFOLIO_FINAL/FRANCAIS/AUTRES/40 ans FRX03.mp3,13.229014
/Volumes/Expansion/PORTFOLIO_FINAL/FRANCAIS/AUTRES/50 ans .mp3,43.785736
/Volumes/Expansion/PORTFOLIO_FINAL/FRANCAIS/AUTRES/6 sec FRX03.mp3,22.853666
/Volumes/Expansion/PORTFOLIO_FINAL/FRANCAIS/AUTRES/80 FRX03.mp3,29.157309
/Volumes/Expansion/PORTFOLIO_FINAL/FRANCAIS/AUTRES/90 French Voiceover FRX02.mp3,19.18313
/Volumes/Expansion/PORTFOLIO_FINAL/FRANCAIS/AUTRES/A Great Friend-Radio FR.mp3,17.554161
/Volumes/Expansion/PORTFOLIO_FINAL/FRANCAIS/AUTRES/A21_Fr_Reda.mp3,21.377686
/Volumes/Expansion/PORTFOLIO_FINAL/FRANCAIS/AUTRES/A24_Fr_Reda.mp3,17.753185
/Volumes/Expansion/PORTFOLIO_FINAL/FRANCAIS/AUTRES/A8PI-Fr.mp3,22.00207
/Volumes/Expansion/PORTFOLIO_FINAL/FRANCAIS/AUTRES/AABCD Fr.mp3,14.28576
/Volumes/Expansion/PORTFOLIO_FINAL/FRANCAIS/AUTRES/AAP_FR.mp3,110.6331
/Volumes/Expansion/PORTFOLIO_FINAL/FRANCAIS/AUTRES/ABC FRX02.mp3,1.5714667
/Volumes/Expansion/PORTFOLIO_FINAL/FRANCAIS/AUTRES/ACNUR SAWUBONA FRX03.mp3,14.534392
/Volumes/Expansion/PORTFOLIO_FINAL/FRANCAIS/AUTRES/AD-FR-KHIAR REDA -Algiers.mp3,8.458101
/Volumes/Expansion/PORTFOLIO_FINAL/FRANCAIS/AUTRES/AD-FR-KHIAR REDA(Algiers)  .mp3,18.874308
/Volumes/Expansion/PORTFOLIO_FINAL/FRANCAIS/AUTRES/AD-FR_Reda KHIAR -ALGIERS.mp3,14.869943
/Volumes/Expansion/PORTFOLIO_FINAL/FRANCAIS/AUTRES/ADA FRX03.mp3,14.918789
/Volumes/Expansion/PORTFOLIO_FINAL/FRANCAIS/AUTRES/ADAMTS13_Fr_Reda.mp3,15.298636
/Volumes/Expansion/PORTFOLIO_FINAL/FRANCAIS/AUTRES/ADEP 35.mp3,26.448732
/Volumes/Expansion/PORTFOLIO_FINAL/FRANCAIS/AUTRES/ADEP BB FRX02.mp3,18.21705
/Volumes/Expansion/PORTFOLIO_FINAL/FRANCAIS/AUTRES/ADS Group Security FRX03.mp3,12.546955
/Volumes/Expansion/PORTFOLIO_FINAL/FRANCAIS/AUTRES/AGL - Client au cœur AFR X03.mp3,7.180916
/Volumes/Expansion/PORTFOLIO_FINAL/FRANCAIS/AUTRES/AGL - Client au cœur FRX03.mp3,9.580967
/Volumes/Expansion/PORTFOLIO_FINAL/FRANCAIS/AUTRES/AGL CAN mp3.mp3,0.48796874
/Volumes/Expansion/PORTFOLIO_FINAL/FRANCAIS/AUTRES/AGRI-Trailer Like .mp3,34.367535
/Volumes/Expansion/PORTFOLIO_FINAL/FRANCAIS/AUTRES/AGRI-Trailer Like FR X03.mp3,23.520725
/Volumes/Expansion/PORTFOLIO_FINAL/FRANCAIS/AUTRES/AI Company FRX04.mp3,20.539822
/Volumes/Expansion/PORTFOLIO_FINAL/FRANCAIS/AUTRES/AI project. Scale casting French.mp3,19.997833
/Volumes/Expansion/PORTFOLIO_FINAL/FRANCAIS/AUTRES/AIV9034 - AI Voice Cloning Marketing - French (France)X03.mp3,8.918762
/Volumes/Expansion/PORTFOLIO_FINAL/FRANCAIS/AUTRES/ALEX QUALITEL MD FRX03.mp3,18.360458
/Volumes/Expansion/PORTFOLIO_FINAL/FRANCAIS/AUTRES/ALMA FR .mp3,18.166824
/Volumes/Expansion/PORTFOLIO_FINAL/FRANCAIS/AUTRES/AM250X3 - TTS Research - French (France).mp3,14.030695
/Volumes/Expansion/PORTFOLIO_FINAL/FRANCAIS/AUTRES/AMCS FRX03.mp3,16.99072
/Volumes/Expansion/PORTFOLIO_FINAL/FRANCAIS/AUTRES/AMZ Montana Roles 1 & 2 FRX03.mp3,22.871548
/Volumes/Expansion/PORTFOLIO_FINAL/FRANCAIS/AUTRES/ANIMAI-FR.mp3,41.70883
/Volumes/Expansion/PORTFOLIO_FINAL/FRANCAIS/AUTRES/ARAG_Fr_UE_Reda.mp3,14.491797
/Volumes/Expansion/PORTFOLIO_FINAL/FRANCAIS/AUTRES/ARES G3 FRX03.mp3,7.3069315
/Volumes/Expansion/PORTFOLIO_FINAL/FRANCAIS/AUTRES/ARGOS FRX03.mp3,16.745745
/Volumes/Expansion/PORTFOLIO_FINAL/FRANCAIS/AUTRES/ARIA.mp3,16.889507
/Volumes/Expansion/PORTFOLIO_FINAL/FRANCAIS/AUTRES/ASTARA-FR.mp3,16.083294
/Volumes/Expansion/PORTFOLIO_FINAL/FRANCAIS/AUTRES/ATIDI Corporate Film - FRENCH_Reda.mp3,22.356512
/Volumes/Expansion/PORTFOLIO_FINAL/FRANCAIS/AUTRES/AVAST Announcer FRX03.mp3,19.707426
/Volumes/Expansion/PORTFOLIO_FINAL/FRANCAIS/AUTRES/AVAST GameShow Host FRX03.mp3,6.7651677
/Volumes/Expansion/PORTFOLIO_FINAL/FRANCAIS/AUTRES/AW23.mp3,7.026896
/Volumes/Expansion/PORTFOLIO_FINAL/FRANCAIS/AUTRES/AZN FRX03.mp3,3.3660133
/Volumes/Expansion/PORTFOLIO_FINAL/FRANCAIS/AUTRES/AZT Grade Check FRX03.mp3,8.879217
/Volumes/Expansion/PORTFOLIO_FINAL/FRANCAIS/AUTRES/Achour X FR Dub .mp3,17.165335
/Volumes/Expansion/PORTFOLIO_FINAL/FRANCAIS/AUTRES/Advil-Chase Brown FRX03.mp3,15.7511635
/Volumes/Expansion/PORTFOLIO_FINAL/FRANCAIS/AUTRES/Aéro-Connectivité_Fr_Reda.mp3,11.271246
/Volumes/Expansion/PORTFOLIO_FINAL/FRANCAIS/AUTRES/African FR X02.mp3,5.1991715
/Volumes/Expansion/PORTFOLIO_FINAL/FRANCAIS/AUTRES/Afrique SubSaharienne.mp3,36.699978
/Volumes/Expansion/PORTFOLIO_FINAL/FRANCAIS/AUTRES/Afro Fr  .mp3,21.303402
/Volumes/Expansion/PORTFOLIO_FINAL/FRANCAIS/AUTRES/Afroque SubSaharienne.mp3,7.122247
/Volumes/Expansion/PORTFOLIO_FINAL/FRANCAIS/AUTRES/Ai.o_Fr_Reda.mp3,0.32859343
/Volumes/Expansion/PORTFOLIO_FINAL/FRANCAIS/AUTRES/Air Canada-.mp3,12.017029
/Volumes/Expansion/PORTFOLIO_FINAL/FRANCAIS/AUTRES/Air Canada.mp3,1.2105194
/Volumes/Expansion/PORTFOLIO_FINAL/FRANCAIS/AUTRES/Air FRX02.mp3,26.502045
/Volumes/Expansion/PORTFOLIO_FINAL/FRANCAIS/AUTRES/Alabaster-Peru(French).mp3,31.028084
/Volumes/Expansion/PORTFOLIO_FINAL/FRANCAIS/AUTRES/Albâtre-FR_Reda.mp3,3.4959486
/Volumes/Expansion/PORTFOLIO_FINAL/FRANCAIS/AUTRES/Alerte Seisme FRX05.mp3,12.792732
/Volumes/Expansion/PORTFOLIO_FINAL/FRANCAIS/AUTRES/Alex  Impersonation  VE.mp3,32.79395
/Volumes/Expansion/PORTFOLIO_FINAL/FRANCAIS/AUTRES/Alex Impersonation  VC.mp3,1.4393865
/Volumes/Expansion/PORTFOLIO_FINAL/FRANCAIS/AUTRES/Alex.mp3,35.663963
/Volumes/Expansion/PORTFOLIO_FINAL/FRANCAIS/AUTRES/Alex6.mp3,29.782625
/Volumes/Expansion/PORTFOLIO_FINAL/FRANCAIS/AUTRES/Alex7.mp3,19.36819
/Volumes/Expansion/PORTFOLIO_FINAL/FRANCAIS/AUTRES/Alliance Industrielle X03.mp3,18.738003
/Volumes/Expansion/PORTFOLIO_FINAL/FRANCAIS/AUTRES/Amazon Casting  FRX02.mp3,9.283826
"/Volumes/Expansion/PORTFOLIO_FINAL/FRANCAIS/AUTRES/Amix_Q Tagline Arabic
.mp3",4.580414
/Volumes/Expansion/PORTFOLIO_FINAL/FRANCAIS/AUTRES/Ammann-Fr X03.mp3,51.768307
/Volumes/Expansion/PORTFOLIO_FINAL/FRANCAIS/AUTRES/Animated Product Video-French_Reda.mp3,11.730544
/Volumes/Expansion/PORTFOLIO_FINAL/FRANCAIS/AUTRES/Animatic AVO - French_Reda.mp3,14.376496
/Volumes/Expansion/PORTFOLIO_FINAL/FRANCAIS/AUTRES/Animatic AVO 1 - French_Reda.mp3,29.632547
/Volumes/Expansion/PORTFOLIO_FINAL/FRANCAIS/AUTRES/Animation Assos.mp3,12.695793
/Volumes/Expansion/PORTFOLIO_FINAL/FRANCAIS/AUTRES/Animation Vidéo explicative GVB.mp3,38.38721
/Volumes/Expansion/PORTFOLIO_FINAL/FRANCAIS/AUTRES/Annonce Partenariat.mp3,20.981537
/Volumes/Expansion/PORTFOLIO_FINAL/FRANCAIS/AUTRES/Announcer_Fr_Reda.mp3,20.890818
/Volumes/Expansion/PORTFOLIO_FINAL/FRANCAIS/AUTRES/Aperture FRX03.mp3,18.613806
/Volumes/Expansion/PORTFOLIO_FINAL/FRANCAIS/AUTRES/App CAt Central_Fr_Reda.mp3,12.6135
/Volumes/Expansion/PORTFOLIO_FINAL/FRANCAIS/AUTRES/Aquadesign FRX02.mp3,26.792088
/Volumes/Expansion/PORTFOLIO_FINAL/FRANCAIS/AUTRES/Arizona Tourism FRX03.mp3,18.719456
/Volumes/Expansion/PORTFOLIO_FINAL/FRANCAIS/AUTRES/Armstrong Tango FRENCH.mp3,31.187496
/Volumes/Expansion/PORTFOLIO_FINAL/FRANCAIS/AUTRES/Astoria FRX03.mp3,20.788038
/Volumes/Expansion/PORTFOLIO_FINAL/FRANCAIS/AUTRES/Ateliers d'exception monument.mp3,16.948557
/Volumes/Expansion/PORTFOLIO_FINAL/FRANCAIS/AUTRES/Atlantis-Fr.mp3,22.765413
/Volumes/Expansion/PORTFOLIO_FINAL/FRANCAIS/AUTRES/Atlassian -RIVIAN FRX03.mp3,7.3053794
/Volumes/Expansion/PORTFOLIO_FINAL/FRANCAIS/AUTRES/Atlassian-Air France KLM FR.mp3,13.271265
/Volumes/Expansion/PORTFOLIO_FINAL/FRANCAIS/AUTRES/Atmo Haut-De_France_Reda.mp3,9.883154
/Volumes/Expansion/PORTFOLIO_FINAL/FRANCAIS/AUTRES/AudioBook FR.mp3,21.35663
/Volumes/Expansion/PORTFOLIO_FINAL/FRANCAIS/AUTRES/AudioGuide FRX02.mp3,32.14349
/Volumes/Expansion/PORTFOLIO_FINAL/FRANCAIS/AUTRES/Audiobooks for young learners of French as a second language.mp3,28.320835
/Volumes/Expansion/PORTFOLIO_FINAL/FRANCAIS/AUTRES/Audioguide-FR.mp3,30.047571
/Volumes/Expansion/PORTFOLIO_FINAL/FRANCAIS/AUTRES/Aurora FRX04.mp3,11.1074295
/Volumes/Expansion/PORTFOLIO_FINAL/FRANCAIS/AUTRES/Austin_Fr_Reda.mp3,12.294323
/Volumes/Expansion/PORTFOLIO_FINAL/FRANCAIS/AUTRES/Authoritary French _Reda.mp3,0.5704696
/Volumes/Expansion/PORTFOLIO_FINAL/FRANCAIS/AUTRES/Autodata_French.mp3,17.234026
"/Volumes/Expansion/PORTFOLIO_FINAL/FRANCAIS/AUTRES/Automatic Cooker, FR, guest, male, 30-40y FRX03.mp3",17.119667
/Volumes/Expansion/PORTFOLIO_FINAL/FRANCAIS/AUTRES/Automotive Manufacture_Fr_Reda.mp3,4.473561
/Volumes/Expansion/PORTFOLIO_FINAL/FRANCAIS/AUTRES/Avast Secure Identiry FRX03.mp3,23.090849
/Volumes/Expansion/PORTFOLIO_FINAL/FRANCAIS/AUTRES/Axepta X03.mp3,36.41952
/Volumes/Expansion/PORTFOLIO_FINAL/FRANCAIS/AUTRES/Axione-Fr_Reda.mp3,16.884504
/Volumes/Expansion/PORTFOLIO_FINAL/FRANCAIS/AUTRES/BA MCD X02.mp3,8.531761
/Volumes/Expansion/PORTFOLIO_FINAL/FRANCAIS/AUTRES/BAT-Fr_Reda.mp3,39.04175
/Volumes/Expansion/PORTFOLIO_FINAL/FRANCAIS/AUTRES/BB VO FR.mp3,9.916609
/Volumes/Expansion/PORTFOLIO_FINAL/FRANCAIS/AUTRES/BF-FR.mp3,8.674158
/Volumes/Expansion/PORTFOLIO_FINAL/FRANCAIS/AUTRES/BG French Dubbing X03.mp3,34.939045
/Volumes/Expansion/PORTFOLIO_FINAL/FRANCAIS/AUTRES/BIC FR .mp3,6.02161
/Volumes/Expansion/PORTFOLIO_FINAL/FRANCAIS/AUTRES/BIC_Fr_Reda.mp3,3.1227899
/Volumes/Expansion/PORTFOLIO_FINAL/FRANCAIS/AUTRES/BIPBIP FRX03.mp3,24.28432
/Volumes/Expansion/PORTFOLIO_FINAL/FRANCAIS/AUTRES/BM FRX03 .mp3,29.545277
/Volumes/Expansion/PORTFOLIO_FINAL/FRANCAIS/AUTRES/BN FRX02.mp3,15.9158745
/Volumes/Expansion/PORTFOLIO_FINAL/FRANCAIS/AUTRES/BO FR.mp3,10.3386965
/Volumes/Expansion/PORTFOLIO_FINAL/FRANCAIS/AUTRES/BR FRX3.mp3,25.787443
/Volumes/Expansion/PORTFOLIO_FINAL/FRANCAIS/AUTRES/Baobab_Fr_Reda.mp3,15.964517
/Volumes/Expansion/PORTFOLIO_FINAL/FRANCAIS/AUTRES/Bar-Bat Mitsva FRX03.mp3,22.13423
/Volumes/Expansion/PORTFOLIO_FINAL/FRANCAIS/AUTRES/Batteries FRX03.mp3,15.564817
/Volumes/Expansion/PORTFOLIO_FINAL/FRANCAIS/AUTRES/Bellat 1er Novembre FRXX.mp3,9.6836
/Volumes/Expansion/PORTFOLIO_FINAL/FRANCAIS/AUTRES/Ben&Jerry's -FrenchEU_Reda.mp3,14.05044
/Volumes/Expansion/PORTFOLIO_FINAL/FRANCAIS/AUTRES/Berocca Pro Boost FR EU XX.mp3,3.1105793
/Volumes/Expansion/PORTFOLIO_FINAL/FRANCAIS/AUTRES/Bertolli FRX03mp3.mp3,13.978646
/Volumes/Expansion/PORTFOLIO_FINAL/FRANCAIS/AUTRES/Bible FRX02_Reda.mp3,20.199053
/Volumes/Expansion/PORTFOLIO_FINAL/FRANCAIS/AUTRES/Bilboard-Fr.mp3,14.71574
/Volumes/Expansion/PORTFOLIO_FINAL/FRANCAIS/AUTRES/Bilboards_Fr_Reda.mp3,14.388223
/Volumes/Expansion/PORTFOLIO_FINAL/FRANCAIS/AUTRES/Bingemans FRX03.mp3,6.1958213
/Volumes/Expansion/PORTFOLIO_FINAL/FRANCAIS/AUTRES/Bingo FR XX .mp3,5.9615254
/Volumes/Expansion/PORTFOLIO_FINAL/FRANCAIS/AUTRES/Bingo FR.mp3,5.812592
/Volumes/Expansion/PORTFOLIO_FINAL/FRANCAIS/AUTRES/Black Friday B.COM FRXX.mp3,13.268939
/Volumes/Expansion/PORTFOLIO_FINAL/FRANCAIS/AUTRES/Bod FR 2 X02.mp3,0.3287618
/Volumes/Expansion/PORTFOLIO_FINAL/FRANCAIS/AUTRES/Bod Fr X03.mp3,10.013172
/Volumes/Expansion/PORTFOLIO_FINAL/FRANCAIS/AUTRES/Bodalgo VR FRX03.mp3,14.356428
/Volumes/Expansion/PORTFOLIO_FINAL/FRANCAIS/AUTRES/Bodalgo_Fr_Reda.mp3,0.0
/Volumes/Expansion/PORTFOLIO_FINAL/FRANCAIS/AUTRES/Boisson-Drink.mp3,43.86929
/Volumes/Expansion/PORTFOLIO_FINAL/FRANCAIS/AUTRES/Bonjour.mp3,43.02875
/Volumes/Expansion/PORTFOLIO_FINAL/FRANCAIS/AUTRES/Bonus-FR.mp3,15.400735
"/Volumes/Expansion/PORTFOLIO_FINAL/FRANCAIS/AUTRES/Book Mentor FR_Reda
.mp3",16.898172
/Volumes/Expansion/PORTFOLIO_FINAL/FRANCAIS/AUTRES/Booth Voice FRX03.mp3,2.914642
/Volumes/Expansion/PORTFOLIO_FINAL/FRANCAIS/AUTRES/Boulanger .mp3,16.468296
/Volumes/Expansion/PORTFOLIO_FINAL/FRANCAIS/AUTRES/Boulanger POSEM HFRXX.mp3,20.377117
/Volumes/Expansion/PORTFOLIO_FINAL/FRANCAIS/AUTRES/Bourasseau FRX03.mp3,40.05706
/Volumes/Expansion/PORTFOLIO_FINAL/FRANCAIS/AUTRES/Bourso20.mp3,15.893683
/Volumes/Expansion/PORTFOLIO_FINAL/FRANCAIS/AUTRES/Brand Campaign Film Institutional 90sec Belgium FRX03.mp3,16.403547
/Volumes/Expansion/PORTFOLIO_FINAL/FRANCAIS/AUTRES/Brand Campaign Film Institutional 90sec FRX03.mp3,23.432531
/Volumes/Expansion/PORTFOLIO_FINAL/FRANCAIS/AUTRES/Brand Film.mp3,27.411749
/Volumes/Expansion/PORTFOLIO_FINAL/FRANCAIS/AUTRES/Brand Hotel-FR.mp3,15.612793
/Volumes/Expansion/PORTFOLIO_FINAL/FRANCAIS/AUTRES/Brand Translate.mp3,27.549519
/Volumes/Expansion/PORTFOLIO_FINAL/FRANCAIS/AUTRES/Brand-FR.mp3,35.72406
/Volumes/Expansion/PORTFOLIO_FINAL/FRANCAIS/AUTRES/Brevo-FR.mp3,6.2932906
/Volumes/Expansion/PORTFOLIO_FINAL/FRANCAIS/AUTRES/Brian FR.mp3,2.2659397
/Volumes/Expansion/PORTFOLIO_FINAL/FRANCAIS/AUTRES/Brico Niche-FR.mp3,5.660241
/Volumes/Expansion/PORTFOLIO_FINAL/FRANCAIS/AUTRES/Brother Magan_Fr_reda.mp3,34.53825
/Volumes/Expansion/PORTFOLIO_FINAL/FRANCAIS/AUTRES/Bunny App _Senior.mp3,67.43669
/Volumes/Expansion/PORTFOLIO_FINAL/FRANCAIS/AUTRES/Bunny App_Adulte .mp3,4.7537017
/Volumes/Expansion/PORTFOLIO_FINAL/FRANCAIS/AUTRES/Bunny App_Adulte.mp3,13.0726795
/Volumes/Expansion/PORTFOLIO_FINAL/FRANCAIS/AUTRES/Burfelt Audioguide FRX03.mp3,3.956877
/Volumes/Expansion/PORTFOLIO_FINAL/FRANCAIS/AUTRES/Burt_Fr_reda.mp3,9.1183605
/Volumes/Expansion/PORTFOLIO_FINAL/FRANCAIS/AUTRES/But.fr_Reda.mp3,12.7102785
/Volumes/Expansion/PORTFOLIO_FINAL/FRANCAIS/AUTRES/But.fr_Redar.mp3,12.747882
/Volumes/Expansion/PORTFOLIO_FINAL/FRANCAIS/AUTRES/CA.mp3,27.656525
/Volumes/Expansion/PORTFOLIO_FINAL/FRANCAIS/AUTRES/CAAV 26 FRX03.mp3,18.337364
/Volumes/Expansion/PORTFOLIO_FINAL/FRANCAIS/AUTRES/CABETE Façades V1 -Reda.mp3,16.859888
/Volumes/Expansion/PORTFOLIO_FINAL/FRANCAIS/AUTRES/CABETE Façades V2-Reda.mp3,4.1527505
/Volumes/Expansion/PORTFOLIO_FINAL/FRANCAIS/AUTRES/CAJA_DEMOJEU_V6b FRX03.mp3,12.4151325
/Volumes/Expansion/PORTFOLIO_FINAL/FRANCAIS/AUTRES/CAN FRX03.mp3,9.427398
/Volumes/Expansion/PORTFOLIO_FINAL/FRANCAIS/AUTRES/CAR-T Dual-1.mp3,17.818226
/Volumes/Expansion/PORTFOLIO_FINAL/FRANCAIS/AUTRES/CAR-T Dual-10.mp3,6.457295
/Volumes/Expansion/PORTFOLIO_FINAL/FRANCAIS/AUTRES/CAR-T Dual-10_01.mp3,19.85805
/Volumes/Expansion/PORTFOLIO_FINAL/FRANCAIS/AUTRES/CAR-T Dual-11.mp3,16.618084
/Volumes/Expansion/PORTFOLIO_FINAL/FRANCAIS/AUTRES/CAR-T Dual-11_01.mp3,8.323635
/Volumes/Expansion/PORTFOLIO_FINAL/FRANCAIS/AUTRES/CAR-T Dual-12.mp3,24.754837
/Volumes/Expansion/PORTFOLIO_FINAL/FRANCAIS/AUTRES/CAR-T Dual-12_01.mp3,1.7732729
/Volumes/Expansion/PORTFOLIO_FINAL/FRANCAIS/AUTRES/CAR-T Dual-13.mp3,13.040346
/Volumes/Expansion/PORTFOLIO_FINAL/FRANCAIS/AUTRES/CAR-T Dual-13_01.mp3,0.39666063
/Volumes/Expansion/PORTFOLIO_FINAL/FRANCAIS/AUTRES/CAR-T Dual-14.mp3,7.280481
/Volumes/Expansion/PORTFOLIO_FINAL/FRANCAIS/AUTRES/CAR-T Dual-14_01.mp3,11.892607
/Volumes/Expansion/PORTFOLIO_FINAL/FRANCAIS/AUTRES/CAR-T Dual-15.mp3,11.410772
/Volumes/Expansion/PORTFOLIO_FINAL/FRANCAIS/AUTRES/CAR-T Dual-15_01.mp3,6.4094167
/Volumes/Expansion/PORTFOLIO_FINAL/FRANCAIS/AUTRES/CAR-T Dual-16.mp3,10.935874
/Volumes/Expansion/PORTFOLIO_FINAL/FRANCAIS/AUTRES/CAR-T Dual-16_01.mp3,26.301191
/Volumes/Expansion/PORTFOLIO_FINAL/FRANCAIS/AUTRES/CAR-T Dual-1_01.mp3,18.587872
/Volumes/Expansion/PORTFOLIO_FINAL/FRANCAIS/AUTRES/CAR-T Dual-2.mp3,3.999645
/Volumes/Expansion/PORTFOLIO_FINAL/FRANCAIS/AUTRES/CAR-T Dual-2_01.mp3,14.072165
/Volumes/Expansion/PORTFOLIO_FINAL/FRANCAIS/AUTRES/CAR-T Dual-3.mp3,27.513418
/Volumes/Expansion/PORTFOLIO_FINAL/FRANCAIS/AUTRES/CAR-T Dual-3_01.mp3,15.221419
/Volumes/Expansion/PORTFOLIO_FINAL/FRANCAIS/AUTRES/CAR-T Dual-4.mp3,16.731705
/Volumes/Expansion/PORTFOLIO_FINAL/FRANCAIS/AUTRES/CAR-T Dual-4_01.mp3,13.38841
/Volumes/Expansion/PORTFOLIO_FINAL/FRANCAIS/AUTRES/CAR-T Dual-5.mp3,15.586347
/Volumes/Expansion/PORTFOLIO_FINAL/FRANCAIS/AUTRES/CAR-T Dual-5_01.mp3,8.956166
/Volumes/Expansion/PORTFOLIO_FINAL/FRANCAIS/AUTRES/CAR-T Dual-6.mp3,17.384956
/Volumes/Expansion/PORTFOLIO_FINAL/FRANCAIS/AUTRES/CAR-T Dual-6_01.mp3,16.44537
/Volumes/Expansion/PORTFOLIO_FINAL/FRANCAIS/AUTRES/CAR-T Dual-7.mp3,14.629951
/Volumes/Expansion/PORTFOLIO_FINAL/FRANCAIS/AUTRES/CAR-T Dual-7_01.mp3,11.014755
/Volumes/Expansion/PORTFOLIO_FINAL/FRANCAIS/AUTRES/CAR-T Dual-8.mp3,2.0817997
/Volumes/Expansion/PORTFOLIO_FINAL/FRANCAIS/AUTRES/CAR-T Dual-8_01.mp3,4.20226
/Volumes/Expansion/PORTFOLIO_FINAL/FRANCAIS/AUTRES/CAR-T Dual-9.mp3,17.384317
/Volumes/Expansion/PORTFOLIO_FINAL/FRANCAIS/AUTRES/CAR-T Dual-9_01.mp3,12.586159
/Volumes/Expansion/PORTFOLIO_FINAL/FRANCAIS/AUTRES/CAR-T cells anti-GPRC5D (1)-1.mp3,15.896303
/Volumes/Expansion/PORTFOLIO_FINAL/FRANCAIS/AUTRES/CAR-T cells anti-GPRC5D (1)-10.mp3,20.336842
/Volumes/Expansion/PORTFOLIO_FINAL/FRANCAIS/AUTRES/CAR-T cells anti-GPRC5D (1)-10_01.mp3,22.616283
/Volumes/Expansion/PORTFOLIO_FINAL/FRANCAIS/AUTRES/CAR-T cells anti-GPRC5D (1)-11.mp3,16.992552
/Volumes/Expansion/PORTFOLIO_FINAL/FRANCAIS/AUTRES/CAR-T cells anti-GPRC5D (1)-11_01.mp3,5.6718254
/Volumes/Expansion/PORTFOLIO_FINAL/FRANCAIS/AUTRES/CAR-T cells anti-GPRC5D (1)-12.mp3,16.804289
/Volumes/Expansion/PORTFOLIO_FINAL/FRANCAIS/AUTRES/CAR-T cells anti-GPRC5D (1)-12_01.mp3,10.789289
/Volumes/Expansion/PORTFOLIO_FINAL/FRANCAIS/AUTRES/CAR-T cells anti-GPRC5D (1)-1_01.mp3,7.228103
/Volumes/Expansion/PORTFOLIO_FINAL/FRANCAIS/AUTRES/CAR-T cells anti-GPRC5D (1)-2.mp3,11.335864
/Volumes/Expansion/PORTFOLIO_FINAL/FRANCAIS/AUTRES/CAR-T cells anti-GPRC5D (1)-2_01.mp3,3.8673327
/Volumes/Expansion/PORTFOLIO_FINAL/FRANCAIS/AUTRES/CAR-T cells anti-GPRC5D (1)-3.mp3,19.095655
/Volumes/Expansion/PORTFOLIO_FINAL/FRANCAIS/AUTRES/CAR-T cells anti-GPRC5D (1)-3_01.mp3,27.633915
/Volumes/Expansion/PORTFOLIO_FINAL/FRANCAIS/AUTRES/CAR-T cells anti-GPRC5D (1)-4.mp3,20.56613
/Volumes/Expansion/PORTFOLIO_FINAL/FRANCAIS/AUTRES/CAR-T cells anti-GPRC5D (1)-4_01.mp3,22.219353
/Volumes/Expansion/PORTFOLIO_FINAL/FRANCAIS/AUTRES/CAR-T cells anti-GPRC5D (1)-5.mp3,20.315315
/Volumes/Expansion/PORTFOLIO_FINAL/FRANCAIS/AUTRES/CAR-T cells anti-GPRC5D (1)-5_01.mp3,15.707322
/Volumes/Expansion/PORTFOLIO_FINAL/FRANCAIS/AUTRES/CAR-T cells anti-GPRC5D (1)-6.mp3,11.926079
/Volumes/Expansion/PORTFOLIO_FINAL/FRANCAIS/AUTRES/CAR-T cells anti-GPRC5D (1)-6_01.mp3,9.289789
/Volumes/Expansion/PORTFOLIO_FINAL/FRANCAIS/AUTRES/CAR-T cells anti-GPRC5D (1)-7.mp3,19.046652
/Volumes/Expansion/PORTFOLIO_FINAL/FRANCAIS/AUTRES/CAR-T cells anti-GPRC5D (1)-7_01.mp3,17.994978
/Volumes/Expansion/PORTFOLIO_FINAL/FRANCAIS/AUTRES/CAR-T cells anti-GPRC5D (1)-8.mp3,21.23006
/Volumes/Expansion/PORTFOLIO_FINAL/FRANCAIS/AUTRES/CAR-T cells anti-GPRC5D (1)-8_01.mp3,14.994757
/Volumes/Expansion/PORTFOLIO_FINAL/FRANCAIS/AUTRES/CAR-T cells anti-GPRC5D (1)-9.mp3,9.350998
/Volumes/Expansion/PORTFOLIO_FINAL/FRANCAIS/AUTRES/CAR-T cells anti-GPRC5D (1)-9_01.mp3,7.04264
/Volumes/Expansion/PORTFOLIO_FINAL/FRANCAIS/AUTRES/CCI FRX03.mp3,9.850472
/Volumes/Expansion/PORTFOLIO_FINAL/FRANCAIS/AUTRES/CC_Fr_Reda.mp3,5.1461716
/Volumes/Expansion/PORTFOLIO_FINAL/FRANCAIS/AUTRES/CEA-Fr_Reda.mp3,12.157399
/Volumes/Expansion/PORTFOLIO_FINAL/FRANCAIS/AUTRES/CEA_FR_Reda.mp3,11.329118
/Volumes/Expansion/PORTFOLIO_FINAL/FRANCAIS/AUTRES/CGN_Fr_Reda.mp3,14.863719
/Volumes/Expansion/PORTFOLIO_FINAL/FRANCAIS/AUTRES/CH1.mp3,27.638006
/Volumes/Expansion/PORTFOLIO_FINAL/FRANCAIS/AUTRES/CHIALI FRX03.mp3,10.735435
/Volumes/Expansion/PORTFOLIO_FINAL/FRANCAIS/AUTRES/CIBC CAM Ares Video.mp3,55.665848
/Volumes/Expansion/PORTFOLIO_FINAL/FRANCAIS/AUTRES/CIBC FR X03.mp3,9.807461
/Volumes/Expansion/PORTFOLIO_FINAL/FRANCAIS/AUTRES/CIBC FR mp3.mp3,9.486929
/Volumes/Expansion/PORTFOLIO_FINAL/FRANCAIS/AUTRES/CIBC-FR.mp3,25.61788
/Volumes/Expansion/PORTFOLIO_FINAL/FRANCAIS/AUTRES/CITEO FRX03.mp3,5.495327
/Volumes/Expansion/PORTFOLIO_FINAL/FRANCAIS/AUTRES/CLCI French_Reda.mp3,16.648384
/Volumes/Expansion/PORTFOLIO_FINAL/FRANCAIS/AUTRES/CLG FR X 03.mp3,11.62059
/Volumes/Expansion/PORTFOLIO_FINAL/FRANCAIS/AUTRES/CLO's FRX02.mp3,70.80306
/Volumes/Expansion/PORTFOLIO_FINAL/FRANCAIS/AUTRES/CN Drama Dub-French.mp3,7.0350285
/Volumes/Expansion/PORTFOLIO_FINAL/FRANCAIS/AUTRES/COFIGEO - INNOS LÉGUMES R&R FRX03.mp3,22.352495
/Volumes/Expansion/PORTFOLIO_FINAL/FRANCAIS/AUTRES/COMPAS FRX03.mp3,24.549112
/Volumes/Expansion/PORTFOLIO_FINAL/FRANCAIS/AUTRES/COSTCO FR X03.mp3,5.990915
/Volumes/Expansion/PORTFOLIO_FINAL/FRANCAIS/AUTRES/COsideer FR.mp3,10.661328
/Volumes/Expansion/PORTFOLIO_FINAL/FRANCAIS/AUTRES/CPF Mobilité._Reda.mp3,5.3843904
/Volumes/Expansion/PORTFOLIO_FINAL/FRANCAIS/AUTRES/CPG-FR X03.mp3,10.074151
/Volumes/Expansion/PORTFOLIO_FINAL/FRANCAIS/AUTRES/CYBERSECURITÉ.mp3,33.070152
/Volumes/Expansion/PORTFOLIO_FINAL/FRANCAIS/AUTRES/CapGly_Fr_Reda.mp3,14.8676815
/Volumes/Expansion/PORTFOLIO_FINAL/FRANCAIS/AUTRES/Caprice Story 60 X02 .mp3,13.899677
/Volumes/Expansion/PORTFOLIO_FINAL/FRANCAIS/AUTRES/Capsules interviews metiers_Reda.mp3,0.56833357
/Volumes/Expansion/PORTFOLIO_FINAL/FRANCAIS/AUTRES/CaptGly_Fr_Reda.mp3,12.496253
/Volumes/Expansion/PORTFOLIO_FINAL/FRANCAIS/AUTRES/CarLoc FRX03.mp3,4.8209796
/Volumes/Expansion/PORTFOLIO_FINAL/FRANCAIS/AUTRES/Carpegiani FRX03.mp3,9.842635
/Volumes/Expansion/PORTFOLIO_FINAL/FRANCAIS/AUTRES/Carter-Cash FRX03.mp3,26.39797
/Volumes/Expansion/PORTFOLIO_FINAL/FRANCAIS/AUTRES/CarterCash FRX03.mp3,24.06359
/Volumes/Expansion/PORTFOLIO_FINAL/FRANCAIS/AUTRES/Cat Le Chat.mp3,25.452312
/Volumes/Expansion/PORTFOLIO_FINAL/FRANCAIS/AUTRES/Cellconceptin Metabolism-FR_Reda.mp3,26.6417
/Volumes/Expansion/PORTFOLIO_FINAL/FRANCAIS/AUTRES/Challenge Velo m2A FR.mp3,10.616992
/Volumes/Expansion/PORTFOLIO_FINAL/FRANCAIS/AUTRES/Chapitre 1 .mp3,25.270454
/Volumes/Expansion/PORTFOLIO_FINAL/FRANCAIS/AUTRES/Chapitre 17.mp3,35.67062
/Volumes/Expansion/PORTFOLIO_FINAL/FRANCAIS/AUTRES/Charlatan De Belcastel.mp3,19.377083
/Volumes/Expansion/PORTFOLIO_FINAL/FRANCAIS/AUTRES/Charleville-Givet août_FR-Reda_01.mp3,15.310258
/Volumes/Expansion/PORTFOLIO_FINAL/FRANCAIS/AUTRES/Chauffeur de Taxi.mp3,14.679963
/Volumes/Expansion/PORTFOLIO_FINAL/FRANCAIS/AUTRES/Children’s bedtime stories (P.P) FrenchX03.mp3,13.262808
/Volumes/Expansion/PORTFOLIO_FINAL/FRANCAIS/AUTRES/Chirripo.mp3,3.026255
/Volumes/Expansion/PORTFOLIO_FINAL/FRANCAIS/AUTRES/ClassicAnd FRX03.mp3,2.0828397
/Volumes/Expansion/PORTFOLIO_FINAL/FRANCAIS/AUTRES/Clutch_Reda KHIAR.mp3,28.303299
/Volumes/Expansion/PORTFOLIO_FINAL/FRANCAIS/AUTRES/Code de la Route .mp3,5.2210646
/Volumes/Expansion/PORTFOLIO_FINAL/FRANCAIS/AUTRES/Collecting Cars FRX03.mp3,8.08888
/Volumes/Expansion/PORTFOLIO_FINAL/FRANCAIS/AUTRES/Comedy Queen..mp3,2.9985156
/Volumes/Expansion/PORTFOLIO_FINAL/FRANCAIS/AUTRES/Compagnie FR X03.mp3,21.132168
/Volumes/Expansion/PORTFOLIO_FINAL/FRANCAIS/AUTRES/Complement d'enquete FRX03.mp3,2.6008198
/Volumes/Expansion/PORTFOLIO_FINAL/FRANCAIS/AUTRES/Conseil Fiscal 2023.mp3,15.258954
/Volumes/Expansion/PORTFOLIO_FINAL/FRANCAIS/AUTRES/Construction Material Launch .FR mp3.mp3,18.453627
/Volumes/Expansion/PORTFOLIO_FINAL/FRANCAIS/AUTRES/Corpo 1er MAi  Fr.mp3,3.8698044
/Volumes/Expansion/PORTFOLIO_FINAL/FRANCAIS/AUTRES/Corpo BTP.mp3,41.489635
/Volumes/Expansion/PORTFOLIO_FINAL/FRANCAIS/AUTRES/Corpo BTP_01.mp3,19.45652
/Volumes/Expansion/PORTFOLIO_FINAL/FRANCAIS/AUTRES/Corpo FR X02 .mp3,27.990915
/Volumes/Expansion/PORTFOLIO_FINAL/FRANCAIS/AUTRES/Corpo FR X03.mp3,9.870655
/Volumes/Expansion/PORTFOLIO_FINAL/FRANCAIS/AUTRES/Corporate Narration  French X03.mp3,45.47752
/Volumes/Expansion/PORTFOLIO_FINAL/FRANCAIS/AUTRES/Corporate_French_Reda.mp3,9.596259
/Volumes/Expansion/PORTFOLIO_FINAL/FRANCAIS/AUTRES/CowControl_Fr_Reda.mp3,24.183601
/Volumes/Expansion/PORTFOLIO_FINAL/FRANCAIS/AUTRES/CredelioX3_Fr_Reda.mp3,20.68384
/Volumes/Expansion/PORTFOLIO_FINAL/FRANCAIS/AUTRES/Culligan_French Accent En.mp3,21.644857
/Volumes/Expansion/PORTFOLIO_FINAL/FRANCAIS/AUTRES/D9 CAT FRX02.mp3,14.620466
/Volumes/Expansion/PORTFOLIO_FINAL/FRANCAIS/AUTRES/DDAY FR .mp3,3.8082654
/Volumes/Expansion/PORTFOLIO_FINAL/FRANCAIS/AUTRES/DDP_Fr_Reda.mp3,5.585222
"/Volumes/Expansion/PORTFOLIO_FINAL/FRANCAIS/AUTRES/DDoD Demo Quest (French) X03
.mp3",7.9619985
/Volumes/Expansion/PORTFOLIO_FINAL/FRANCAIS/AUTRES/DDoD FRX03.mp3,10.246536
/Volumes/Expansion/PORTFOLIO_FINAL/FRANCAIS/AUTRES/DHIS2-Fr_Reda.mp3,8.191449
/Volumes/Expansion/PORTFOLIO_FINAL/FRANCAIS/AUTRES/DK Bananza B.mp3,2.7402353
/Volumes/Expansion/PORTFOLIO_FINAL/FRANCAIS/AUTRES/DK Banaza .mp3,8.909301
/Volumes/Expansion/PORTFOLIO_FINAL/FRANCAIS/AUTRES/DK FRX04mp3.mp3,4.9211574
/Volumes/Expansion/PORTFOLIO_FINAL/FRANCAIS/AUTRES/DK.mp3,19.226376
/Volumes/Expansion/PORTFOLIO_FINAL/FRANCAIS/AUTRES/Daisyness FR AR .mp3,16.916296
/Volumes/Expansion/PORTFOLIO_FINAL/FRANCAIS/AUTRES/Dakin Fr_Reda.mp3,15.108658
/Volumes/Expansion/PORTFOLIO_FINAL/FRANCAIS/AUTRES/DataSet French.mp3,36.262497
/Volumes/Expansion/PORTFOLIO_FINAL/FRANCAIS/AUTRES/DeD FR .mp3,7.3266315
/Volumes/Expansion/PORTFOLIO_FINAL/FRANCAIS/AUTRES/Debunk FR.mp3,27.451532
/Volumes/Expansion/PORTFOLIO_FINAL/FRANCAIS/AUTRES/Deel 2026 FRX02.mp3,16.782625
/Volumes/Expansion/PORTFOLIO_FINAL/FRANCAIS/AUTRES/Deen Up FRX02.mp3,13.551405
/Volumes/Expansion/PORTFOLIO_FINAL/FRANCAIS/AUTRES/Demo KOOLTHERM FRX03.mp3,18.77829
/Volumes/Expansion/PORTFOLIO_FINAL/FRANCAIS/AUTRES/Description du Hajj-FR.mp3,29.80216
/Volumes/Expansion/PORTFOLIO_FINAL/FRANCAIS/AUTRES/Digital Ad - Fun US voice-over X03.mp3,6.9177065
/Volumes/Expansion/PORTFOLIO_FINAL/FRANCAIS/AUTRES/Digital Oean FRX03.mp3,19.863962
/Volumes/Expansion/PORTFOLIO_FINAL/FRANCAIS/AUTRES/Directors Cut-FR.mp3,22.778835
/Volumes/Expansion/PORTFOLIO_FINAL/FRANCAIS/AUTRES/Discrimination FRX03.mp3,19.308283
/Volumes/Expansion/PORTFOLIO_FINAL/FRANCAIS/AUTRES/Disney how to  FR.mp3,20.905807
/Volumes/Expansion/PORTFOLIO_FINAL/FRANCAIS/AUTRES/Dispositif Audio Musée - Dialogue-Lucas FRX03.mp3,22.015911
/Volumes/Expansion/PORTFOLIO_FINAL/FRANCAIS/AUTRES/Doc Fouilles _Fr.mp3,10.49196
/Volumes/Expansion/PORTFOLIO_FINAL/FRANCAIS/AUTRES/Doc Fr_Reda.mp3,2.3643346
/Volumes/Expansion/PORTFOLIO_FINAL/FRANCAIS/AUTRES/Docusign FRX03.mp3,20.215221
/Volumes/Expansion/PORTFOLIO_FINAL/FRANCAIS/AUTRES/Dominicana FR EU  .mp3,13.357153
/Volumes/Expansion/PORTFOLIO_FINAL/FRANCAIS/AUTRES/Don Hidalgo Bingo FRX03.mp3,11.190906
/Volumes/Expansion/PORTFOLIO_FINAL/FRANCAIS/AUTRES/Doublage 3 Fr_Reda.mp3,21.28699
/Volumes/Expansion/PORTFOLIO_FINAL/FRANCAIS/AUTRES/Doublage FRX03.mp3,16.724586
/Volumes/Expansion/PORTFOLIO_FINAL/FRANCAIS/AUTRES/Dr Bernard -FR.mp3,13.906528
/Volumes/Expansion/PORTFOLIO_FINAL/FRANCAIS/AUTRES/Dr.R.Floyd-Fr.mp3,15.1392355
/Volumes/Expansion/PORTFOLIO_FINAL/FRANCAIS/AUTRES/Dragons mignons FRX03.mp3,6.8540335
/Volumes/Expansion/PORTFOLIO_FINAL/FRANCAIS/AUTRES/Driving School Cars FRX02.mp3,10.113172
/Volumes/Expansion/PORTFOLIO_FINAL/FRANCAIS/AUTRES/Duchesse.mp3,15.599829
/Volumes/Expansion/PORTFOLIO_FINAL/FRANCAIS/AUTRES/Dunk FRX03.mp3,15.475635
/Volumes/Expansion/PORTFOLIO_FINAL/FRANCAIS/AUTRES/Duolingo_Fr_Reda.mp3,9.966045
/Volumes/Expansion/PORTFOLIO_FINAL/FRANCAIS/AUTRES/E-Com Testimonials .mp3,20.729855
/Volumes/Expansion/PORTFOLIO_FINAL/FRANCAIS/AUTRES/E-Lynx FR mp3.mp3,15.394839
/Volumes/Expansion/PORTFOLIO_FINAL/FRANCAIS/AUTRES/E-learning about actuators (French) X03.mp3,20.906347
/Volumes/Expansion/PORTFOLIO_FINAL/FRANCAIS/AUTRES/EBook_Fr_Reda.mp3,14.057089
/Volumes/Expansion/PORTFOLIO_FINAL/FRANCAIS/AUTRES/EDQM Video staff X03.mp3,2.4097736
/Volumes/Expansion/PORTFOLIO_FINAL/FRANCAIS/AUTRES/ELearning FRX03.mp3,7.527513
/Volumes/Expansion/PORTFOLIO_FINAL/FRANCAIS/AUTRES/EMAK FRX03.mp3,6.438545
/Volumes/Expansion/PORTFOLIO_FINAL/FRANCAIS/AUTRES/EMT FRX03.mp3,22.92177
/Volumes/Expansion/PORTFOLIO_FINAL/FRANCAIS/AUTRES/ENNERTRAG PS FRX03.mp3,8.896494
/Volumes/Expansion/PORTFOLIO_FINAL/FRANCAIS/AUTRES/ESC EAS 2025 FRX03.mp3,14.08011
/Volumes/Expansion/PORTFOLIO_FINAL/FRANCAIS/AUTRES/ESC62_FR_Reda.mp3,18.332848
/Volumes/Expansion/PORTFOLIO_FINAL/FRANCAIS/AUTRES/ESRB Lines FRX03.mp3,10.6302
/Volumes/Expansion/PORTFOLIO_FINAL/FRANCAIS/AUTRES/ESTACA Century FRX02.mp3,18.136185
/Volumes/Expansion/PORTFOLIO_FINAL/FRANCAIS/AUTRES/EU FR.mp3,16.223099
/Volumes/Expansion/PORTFOLIO_FINAL/FRANCAIS/AUTRES/EURO Délice FR.mp3,4.0846195
/Volumes/Expansion/PORTFOLIO_FINAL/FRANCAIS/AUTRES/EUROASSURANCE FRX03 .mp3,9.989544
/Volumes/Expansion/PORTFOLIO_FINAL/FRANCAIS/AUTRES/Eat Ze Cheeze.mp3,1.1255884
/Volumes/Expansion/PORTFOLIO_FINAL/FRANCAIS/AUTRES/Ebook FR .mp3,19.27692
/Volumes/Expansion/PORTFOLIO_FINAL/FRANCAIS/AUTRES/Eisregeln der DLRG FRX02.mp3,7.7800326
/Volumes/Expansion/PORTFOLIO_FINAL/FRANCAIS/AUTRES/El Dia De Los Muertos_Fr_X02_Reda.mp3,22.105074
/Volumes/Expansion/PORTFOLIO_FINAL/FRANCAIS/AUTRES/Ele's File.mp3,6.189635
/Volumes/Expansion/PORTFOLIO_FINAL/FRANCAIS/AUTRES/Elgé FRX02mp3.mp3,19.570862
/Volumes/Expansion/PORTFOLIO_FINAL/FRANCAIS/AUTRES/Elvis Radio Announcer FRX03.mp3,1.6403954
/Volumes/Expansion/PORTFOLIO_FINAL/FRANCAIS/AUTRES/Elysee EN FR X03.mp3,5.013714
/Volumes/Expansion/PORTFOLIO_FINAL/FRANCAIS/AUTRES/Embuild V2_Fr_Reda.mp3,23.974773
/Volumes/Expansion/PORTFOLIO_FINAL/FRANCAIS/AUTRES/En-Fr_Reda 2.mp3,16.400394
/Volumes/Expansion/PORTFOLIO_FINAL/FRANCAIS/AUTRES/En-Fr_Reda.mp3,11.808284
/Volumes/Expansion/PORTFOLIO_FINAL/FRANCAIS/AUTRES/Endcard CTA  Fr _Reda .mp3,4.132288
/Volumes/Expansion/PORTFOLIO_FINAL/FRANCAIS/AUTRES/Endcard CTA  Fr _Reda.mp3,7.575862
/Volumes/Expansion/PORTFOLIO_FINAL/FRANCAIS/AUTRES/Eng FR X03.mp3,33.354195
/Volumes/Expansion/PORTFOLIO_FINAL/FRANCAIS/AUTRES/Entreprise LAunch Digital Spot-French EU_Reda.mp3,20.56485
"/Volumes/Expansion/PORTFOLIO_FINAL/FRANCAIS/AUTRES/Ep11-A2
.mp3",31.722067
"/Volumes/Expansion/PORTFOLIO_FINAL/FRANCAIS/AUTRES/Ep4-2
.mp3",12.542787
"/Volumes/Expansion/PORTFOLIO_FINAL/FRANCAIS/AUTRES/Ep4-P1
.mp3",7.022145
"/Volumes/Expansion/PORTFOLIO_FINAL/FRANCAIS/AUTRES/Ep4-P10
.mp3",16.59219
"/Volumes/Expansion/PORTFOLIO_FINAL/FRANCAIS/AUTRES/Ep4-P12
.mp3",20.038506
"/Volumes/Expansion/PORTFOLIO_FINAL/FRANCAIS/AUTRES/Ep4-P13
.mp3",13.627691
"/Volumes/Expansion/PORTFOLIO_FINAL/FRANCAIS/AUTRES/Ep4-P15
.mp3",4.4603276
"/Volumes/Expansion/PORTFOLIO_FINAL/FRANCAIS/AUTRES/Ep4-P16
.mp3",11.243241
"/Volumes/Expansion/PORTFOLIO_FINAL/FRANCAIS/AUTRES/Ep4-P2
.mp3",31.334944
"/Volumes/Expansion/PORTFOLIO_FINAL/FRANCAIS/AUTRES/Ep4-P3
.mp3",14.094846
"/Volumes/Expansion/PORTFOLIO_FINAL/FRANCAIS/AUTRES/Ep4-P6
.mp3",41.887726
"/Volumes/Expansion/PORTFOLIO_FINAL/FRANCAIS/AUTRES/Ep4-P7 Cont

.mp3",36.173767
"/Volumes/Expansion/PORTFOLIO_FINAL/FRANCAIS/AUTRES/Ep4-P8
.mp3",27.31754
"/Volumes/Expansion/PORTFOLIO_FINAL/FRANCAIS/AUTRES/Ep4-P9
.mp3",61.087788
/Volumes/Expansion/PORTFOLIO_FINAL/FRANCAIS/AUTRES/Epson Smart Pannel App FRX03.mp3,13.599578
/Volumes/Expansion/PORTFOLIO_FINAL/FRANCAIS/AUTRES/Equifax FRX03.mp3,2.7835395
/Volumes/Expansion/PORTFOLIO_FINAL/FRANCAIS/AUTRES/Erima Senzor Star-French_Reda.mp3,16.965635
/Volumes/Expansion/PORTFOLIO_FINAL/FRANCAIS/AUTRES/Erima Senzor Star-French_rReda.mp3,12.074798
/Volumes/Expansion/PORTFOLIO_FINAL/FRANCAIS/AUTRES/Europe Day 2025 FRX02.mp3,12.981789
/Volumes/Expansion/PORTFOLIO_FINAL/FRANCAIS/AUTRES/EvX3-Fr.mp3,11.358263
/Volumes/Expansion/PORTFOLIO_FINAL/FRANCAIS/AUTRES/ExpeDICtion Partiel FRX02.mp3,5.681236
/Volumes/Expansion/PORTFOLIO_FINAL/FRANCAIS/AUTRES/Expérience MR Oncologie FRX02.mp3,15.421297
/Volumes/Expansion/PORTFOLIO_FINAL/FRANCAIS/AUTRES/Expo75ansPontAérienX02_Fr_Reda.mp3,15.86229
/Volumes/Expansion/PORTFOLIO_FINAL/FRANCAIS/AUTRES/F1 Clash_fr_Reda.mp3,4.968856
/Volumes/Expansion/PORTFOLIO_FINAL/FRANCAIS/AUTRES/F1-5 Feux .mp3,1.9598316
/Volumes/Expansion/PORTFOLIO_FINAL/FRANCAIS/AUTRES/F1-FrX05 .mp3,25.34421
/Volumes/Expansion/PORTFOLIO_FINAL/FRANCAIS/AUTRES/F1-Gore X02.mp3,19.452192
/Volumes/Expansion/PORTFOLIO_FINAL/FRANCAIS/AUTRES/FA FRX03.mp3,10.549739
/Volumes/Expansion/PORTFOLIO_FINAL/FRANCAIS/AUTRES/FAO AIMS4Forests - French (Parisienne).mp3,20.166775
/Volumes/Expansion/PORTFOLIO_FINAL/FRANCAIS/AUTRES/FAO FR X02.mp3,20.09486
/Volumes/Expansion/PORTFOLIO_FINAL/FRANCAIS/AUTRES/FActory Tour French_Reda.mp3,23.859886
/Volumes/Expansion/PORTFOLIO_FINAL/FRANCAIS/AUTRES/FDz.mp3,17.376678
/Volumes/Expansion/PORTFOLIO_FINAL/FRANCAIS/AUTRES/FDz_01.mp3,0.63917994
/Volumes/Expansion/PORTFOLIO_FINAL/FRANCAIS/AUTRES/FFXIV - Dawntrail Pre-order Round 02.mp3,16.507288
/Volumes/Expansion/PORTFOLIO_FINAL/FRANCAIS/AUTRES/FFXIV_Anime Campagne_FR_Reda.mp3,20.598509
/Volumes/Expansion/PORTFOLIO_FINAL/FRANCAIS/AUTRES/FLW_French_Reda.mp3,29.763857
/Volumes/Expansion/PORTFOLIO_FINAL/FRANCAIS/AUTRES/FR .mp3,18.254707
/Volumes/Expansion/PORTFOLIO_FINAL/FRANCAIS/AUTRES/FR Db.mp3,3.9759018
/Volumes/Expansion/PORTFOLIO_FINAL/FRANCAIS/AUTRES/FR Dubb .mp3,10.753034
/Volumes/Expansion/PORTFOLIO_FINAL/FRANCAIS/AUTRES/FR Dubb.mp3,9.8002
/Volumes/Expansion/PORTFOLIO_FINAL/FRANCAIS/AUTRES/FR Dubbing X02.mp3,28.03136
/Volumes/Expansion/PORTFOLIO_FINAL/FRANCAIS/AUTRES/FR FR X03.mp3,26.419508
/Volumes/Expansion/PORTFOLIO_FINAL/FRANCAIS/AUTRES/FR VO-Reda.mp3,16.31361
/Volumes/Expansion/PORTFOLIO_FINAL/FRANCAIS/AUTRES/FR Voice over (Character #1 male) - Cote d'Ivoire accent.mp3,17.768356
/Volumes/Expansion/PORTFOLIO_FINAL/FRANCAIS/AUTRES/FR-Fr.mp3,29.640959
/Volumes/Expansion/PORTFOLIO_FINAL/FRANCAIS/AUTRES/FR-M-KHIAR  M REDA-Algiers.mp3,5.2798867
/Volumes/Expansion/PORTFOLIO_FINAL/FRANCAIS/AUTRES/FR-M-KHIAR M-REDA-Algiers.mp3,15.45004
/Volumes/Expansion/PORTFOLIO_FINAL/FRANCAIS/AUTRES/FR-M-KHIAR REDA-Algiers.mp3,16.85248
/Volumes/Expansion/PORTFOLIO_FINAL/FRANCAIS/AUTRES/FR-M-Reda Khiar-Algiers.mp3,6.2820063
/Volumes/Expansion/PORTFOLIO_FINAL/FRANCAIS/AUTRES/FRED_Fr_Reda.mp3,8.864414
/Volumes/Expansion/PORTFOLIO_FINAL/FRANCAIS/AUTRES/FRENCH VO PPV X04.mp3,18.93585
/Volumes/Expansion/PORTFOLIO_FINAL/FRANCAIS/AUTRES/FRenCh Dubb .mp3,22.289528
/Volumes/Expansion/PORTFOLIO_FINAL/FRANCAIS/AUTRES/FRenchy English Narration_Reda.mp3,11.856607
/Volumes/Expansion/PORTFOLIO_FINAL/FRANCAIS/AUTRES/FT FRX03.mp3,0.9680785
/Volumes/Expansion/PORTFOLIO_FINAL/FRANCAIS/AUTRES/Factory Colchon.mp3,11.408387
/Volumes/Expansion/PORTFOLIO_FINAL/FRANCAIS/AUTRES/Fallon like FR  .mp3,14.155873
/Volumes/Expansion/PORTFOLIO_FINAL/FRANCAIS/AUTRES/Fiction Crise alimentaire-fr.mp3,11.62137
/Volumes/Expansion/PORTFOLIO_FINAL/FRANCAIS/AUTRES/Film Instit FRX02 .mp3,40.78958
/Volumes/Expansion/PORTFOLIO_FINAL/FRANCAIS/AUTRES/Film Promotionnel Lits.mp3,36.640198
/Volumes/Expansion/PORTFOLIO_FINAL/FRANCAIS/AUTRES/Film manifeste - outillage automobile FRX03.mp3,8.756121
/Volumes/Expansion/PORTFOLIO_FINAL/FRANCAIS/AUTRES/Financial Literacy Fr.mp3,3.7329183
/Volumes/Expansion/PORTFOLIO_FINAL/FRANCAIS/AUTRES/Fischer-FR X03.mp3,16.116318
/Volumes/Expansion/PORTFOLIO_FINAL/FRANCAIS/AUTRES/Fleetrite-Fr.mp3,42.94723
/Volumes/Expansion/PORTFOLIO_FINAL/FRANCAIS/AUTRES/Flexpro_Fr_reda.mp3,19.181587
/Volumes/Expansion/PORTFOLIO_FINAL/FRANCAIS/AUTRES/FlyOver Chicago FRX02 .mp3,16.037691
/Volumes/Expansion/PORTFOLIO_FINAL/FRANCAIS/AUTRES/Flying Fish_FRX02.mp3,8.407673
/Volumes/Expansion/PORTFOLIO_FINAL/FRANCAIS/AUTRES/Footbal Club FRX04.mp3,11.604188
/Volumes/Expansion/PORTFOLIO_FINAL/FRANCAIS/AUTRES/ForPeech_Fr_Reda.mp3,1.3792398
/Volumes/Expansion/PORTFOLIO_FINAL/FRANCAIS/AUTRES/Forti FRX03.mp3,23.553328
/Volumes/Expansion/PORTFOLIO_FINAL/FRANCAIS/AUTRES/Fr Dubb_Fr_Reda.mp3,20.900036
/Volumes/Expansion/PORTFOLIO_FINAL/FRANCAIS/AUTRES/Fr Everything you need_Reda.mp3,15.948505
/Volumes/Expansion/PORTFOLIO_FINAL/FRANCAIS/AUTRES/Fr-80_Reda.mp3,14.712056
/Volumes/Expansion/PORTFOLIO_FINAL/FRANCAIS/AUTRES/Fr1000_Reda.mp3,16.625504
/Volumes/Expansion/PORTFOLIO_FINAL/FRANCAIS/AUTRES/Fr50_Fr_Reda.mp3,1.3069038
/Volumes/Expansion/PORTFOLIO_FINAL/FRANCAIS/AUTRES/Fr_Reda.mp3,8.133745
/Volumes/Expansion/PORTFOLIO_FINAL/FRANCAIS/AUTRES/France Pare-Brise_reda.mp3,16.6419
/Volumes/Expansion/PORTFOLIO_FINAL/FRANCAIS/AUTRES/Franp FR.mp3,23.381481
/Volumes/Expansion/PORTFOLIO_FINAL/FRANCAIS/AUTRES/Freddy Animation FR.mp3,12.715843
/Volumes/Expansion/PORTFOLIO_FINAL/FRANCAIS/AUTRES/Freezer FRX02 .mp3,5.254661
/Volumes/Expansion/PORTFOLIO_FINAL/FRANCAIS/AUTRES/French 50 _Reda .mp3,6.6168084
/Volumes/Expansion/PORTFOLIO_FINAL/FRANCAIS/AUTRES/French 50 _Reda.mp3,10.30991
/Volumes/Expansion/PORTFOLIO_FINAL/FRANCAIS/AUTRES/French Cards.mp3,21.537085
/Volumes/Expansion/PORTFOLIO_FINAL/FRANCAIS/AUTRES/French Conversational .mp3,8.373506
/Volumes/Expansion/PORTFOLIO_FINAL/FRANCAIS/AUTRES/French Dubbing _Reda.mp3,9.031316
/Volumes/Expansion/PORTFOLIO_FINAL/FRANCAIS/AUTRES/French Male Voice Over FRX03.mp3,19.240858
/Volumes/Expansion/PORTFOLIO_FINAL/FRANCAIS/AUTRES/French Poem  .mp3,4.539569
/Volumes/Expansion/PORTFOLIO_FINAL/FRANCAIS/AUTRES/French Testimonial For Weight Loss Product 3 FRX03.mp3,1.6894271
/Volumes/Expansion/PORTFOLIO_FINAL/FRANCAIS/AUTRES/French VO talent Italian accent for indie game.mp3,13.196437
"/Volumes/Expansion/PORTFOLIO_FINAL/FRANCAIS/AUTRES/French Video Sales Letter for Sight Product
 FRX02.mp3",12.366225
/Volumes/Expansion/PORTFOLIO_FINAL/FRANCAIS/AUTRES/French animation narration.mp3,31.19415
/Volumes/Expansion/PORTFOLIO_FINAL/FRANCAIS/AUTRES/French audition_Reda.mp3,5.509763
/Volumes/Expansion/PORTFOLIO_FINAL/FRANCAIS/AUTRES/French lines For game FRX03 .mp3,4.4155602
/Volumes/Expansion/PORTFOLIO_FINAL/FRANCAIS/AUTRES/French male voice for enganging industrial product film.mp3,12.451791
/Volumes/Expansion/PORTFOLIO_FINAL/FRANCAIS/AUTRES/French- Educational Animation X03.mp3,7.5399156
/Volumes/Expansion/PORTFOLIO_FINAL/FRANCAIS/AUTRES/FrenchEU_Reda.mp3,14.8076105
/Volumes/Expansion/PORTFOLIO_FINAL/FRANCAIS/AUTRES/FrenchFries_Fr_Reda.mp3,4.349311
/Volumes/Expansion/PORTFOLIO_FINAL/FRANCAIS/AUTRES/French_Do It All_Reda.mp3,4.068868
/Volumes/Expansion/PORTFOLIO_FINAL/FRANCAIS/AUTRES/French_Reda Khiar.mp3,25.41954
/Volumes/Expansion/PORTFOLIO_FINAL/FRANCAIS/AUTRES/French_Reda.mp3,8.894467
/Volumes/Expansion/PORTFOLIO_FINAL/FRANCAIS/AUTRES/Freud FRX03.mp3,13.392218
/Volumes/Expansion/PORTFOLIO_FINAL/FRANCAIS/AUTRES/FriedlyHappyGolf_Fr_Reda.mp3,16.402668
/Volumes/Expansion/PORTFOLIO_FINAL/FRANCAIS/AUTRES/Fuel Your Flow .mp3,1.5040054
/Volumes/Expansion/PORTFOLIO_FINAL/FRANCAIS/AUTRES/G5-03 FRX02.mp3,14.301288
/Volumes/Expansion/PORTFOLIO_FINAL/FRANCAIS/AUTRES/GEN FRX03.mp3,28.67272
/Volumes/Expansion/PORTFOLIO_FINAL/FRANCAIS/AUTRES/GESTIA_Fr_Reda.mp3,6.735849
/Volumes/Expansion/PORTFOLIO_FINAL/FRANCAIS/AUTRES/GFI FRX03 .mp3,20.286243
/Volumes/Expansion/PORTFOLIO_FINAL/FRANCAIS/AUTRES/GOAT FRX03.mp3,22.642982
/Volumes/Expansion/PORTFOLIO_FINAL/FRANCAIS/AUTRES/GV_Fr_Reda.mp3,0.34954974
/Volumes/Expansion/PORTFOLIO_FINAL/FRANCAIS/AUTRES/GaiaX-X02_Fr_Reda.mp3,10.417618
/Volumes/Expansion/PORTFOLIO_FINAL/FRANCAIS/AUTRES/Game Charachter-FrenchEU_Reda.mp3,4.866012
/Volumes/Expansion/PORTFOLIO_FINAL/FRANCAIS/AUTRES/Game FR .mp3,6.396306
/Volumes/Expansion/PORTFOLIO_FINAL/FRANCAIS/AUTRES/Game Trailer FRX02.mp3,24.2009
/Volumes/Expansion/PORTFOLIO_FINAL/FRANCAIS/AUTRES/Game.Announcer FRX03.mp3,2.2787068
/Volumes/Expansion/PORTFOLIO_FINAL/FRANCAIS/AUTRES/Games Video Narration - French Parisienne X03.mp3,24.120525
/Volumes/Expansion/PORTFOLIO_FINAL/FRANCAIS/AUTRES/GardX_French_Reda.mp3,14.526924
/Volumes/Expansion/PORTFOLIO_FINAL/FRANCAIS/AUTRES/Gemini App FRX02.mp3,34.646477
/Volumes/Expansion/PORTFOLIO_FINAL/FRANCAIS/AUTRES/Gemini FRXX.mp3,8.948279
/Volumes/Expansion/PORTFOLIO_FINAL/FRANCAIS/AUTRES/Gemini Wallet FRX03.mp3,15.964239
/Volumes/Expansion/PORTFOLIO_FINAL/FRANCAIS/AUTRES/GenDemo_Reda.mp3,15.258272
/Volumes/Expansion/PORTFOLIO_FINAL/FRANCAIS/AUTRES/Geotab_FNTR Event_LCV fleets FRX03.mp3,12.815902
/Volumes/Expansion/PORTFOLIO_FINAL/FRANCAIS/AUTRES/German Christmas customs FRX02.mp3,8.436239
/Volumes/Expansion/PORTFOLIO_FINAL/FRANCAIS/AUTRES/Gifty -  Boss Amine.mp3,39.030674
/Volumes/Expansion/PORTFOLIO_FINAL/FRANCAIS/AUTRES/Gigamic FRX03.mp3,6.962942
/Volumes/Expansion/PORTFOLIO_FINAL/FRANCAIS/AUTRES/Gigamic-Yogi FRXX.mp3,2.9176013
/Volumes/Expansion/PORTFOLIO_FINAL/FRANCAIS/AUTRES/Golden Tiger Bingo FR.mp3,1.2510598
/Volumes/Expansion/PORTFOLIO_FINAL/FRANCAIS/AUTRES/GoldenEraProd-Male-FR.mp3,27.82039
/Volumes/Expansion/PORTFOLIO_FINAL/FRANCAIS/AUTRES/GoodBye SF -Fr .mp3,2.8664842
/Volumes/Expansion/PORTFOLIO_FINAL/FRANCAIS/AUTRES/Gourmet_Fr_Reda.mp3,20.891901
/Volumes/Expansion/PORTFOLIO_FINAL/FRANCAIS/AUTRES/Gourmet_Fr_Reda1.mp3,4.5319295
/Volumes/Expansion/PORTFOLIO_FINAL/FRANCAIS/AUTRES/Grain de valeur_Reda.mp3,5.8498273
/Volumes/Expansion/PORTFOLIO_FINAL/FRANCAIS/AUTRES/Grapic speech FRX.mp3,31.27454
/Volumes/Expansion/PORTFOLIO_FINAL/FRANCAIS/AUTRES/Gravitrax Skytrax FRX03.mp3,5.347201
/Volumes/Expansion/PORTFOLIO_FINAL/FRANCAIS/AUTRES/Gravitrax Star Wars FRX03.mp3,9.212985
/Volumes/Expansion/PORTFOLIO_FINAL/FRANCAIS/AUTRES/Groupe Rubis FRX04.mp3,12.886043
/Volumes/Expansion/PORTFOLIO_FINAL/FRANCAIS/AUTRES/Guru X02.mp3,31.849699
/Volumes/Expansion/PORTFOLIO_FINAL/FRANCAIS/AUTRES/Gymlib X02.mp3,11.146599
/Volumes/Expansion/PORTFOLIO_FINAL/FRANCAIS/AUTRES/HAGER FRX02.mp3,25.36623
/Volumes/Expansion/PORTFOLIO_FINAL/FRANCAIS/AUTRES/HAITI ADG 2026 FRX03.mp3,18.41705
/Volumes/Expansion/PORTFOLIO_FINAL/FRANCAIS/AUTRES/HELIAQ FRX02 .mp3,12.050541
/Volumes/Expansion/PORTFOLIO_FINAL/FRANCAIS/AUTRES/HEPATITIS-Fr.mp3,5.3258414
/Volumes/Expansion/PORTFOLIO_FINAL/FRANCAIS/AUTRES/HHTV.mp3,10.9899435
/Volumes/Expansion/PORTFOLIO_FINAL/FRANCAIS/AUTRES/HQV battery-Fr.mp3,86.22804
/Volumes/Expansion/PORTFOLIO_FINAL/FRANCAIS/AUTRES/Happy Bio-FR.mp3,25.507774
/Volumes/Expansion/PORTFOLIO_FINAL/FRANCAIS/AUTRES/HardWare BallGame FRX03.mp3,17.264648
/Volumes/Expansion/PORTFOLIO_FINAL/FRANCAIS/AUTRES/Hase FR X03.mp3,8.371683
/Volumes/Expansion/PORTFOLIO_FINAL/FRANCAIS/AUTRES/Heaven FRX03.mp3,20.431042
/Volumes/Expansion/PORTFOLIO_FINAL/FRANCAIS/AUTRES/Hensoldt Company Video French _Reda.mp3,12.697276
/Volumes/Expansion/PORTFOLIO_FINAL/FRANCAIS/AUTRES/Heritage Site Guided Tour Casting Call Male FR .mp3,7.005791
/Volumes/Expansion/PORTFOLIO_FINAL/FRANCAIS/AUTRES/Hermann-FR.mp3,2.7941282
/Volumes/Expansion/PORTFOLIO_FINAL/FRANCAIS/AUTRES/Hervé FR -voicemail X03.mp3,3.6166759
/Volumes/Expansion/PORTFOLIO_FINAL/FRANCAIS/AUTRES/Hénallux_Fr_Reda.mp3,2.7121024
/Volumes/Expansion/PORTFOLIO_FINAL/FRANCAIS/AUTRES/Hilti FR X03.mp3,9.2184515
/Volumes/Expansion/PORTFOLIO_FINAL/FRANCAIS/AUTRES/Hilti-FR X03.mp3,12.000089
/Volumes/Expansion/PORTFOLIO_FINAL/FRANCAIS/AUTRES/Historic Home Audio Tour French Male VO.mp3,6.3546515
/Volumes/Expansion/PORTFOLIO_FINAL/FRANCAIS/AUTRES/Honduras Testimonial_Fr_Reda.mp3,10.725486
/Volumes/Expansion/PORTFOLIO_FINAL/FRANCAIS/AUTRES/Horror Learn to Play Videos - French X02.mp3,10.129993
/Volumes/Expansion/PORTFOLIO_FINAL/FRANCAIS/AUTRES/How-to video FR X02.mp3,23.960155
/Volumes/Expansion/PORTFOLIO_FINAL/FRANCAIS/AUTRES/Huajian_Fr_Reda.mp3,17.918741
/Volumes/Expansion/PORTFOLIO_FINAL/FRANCAIS/AUTRES/HusqX02.mp3,34.49928
/Volumes/Expansion/PORTFOLIO_FINAL/FRANCAIS/AUTRES/I-Switcher-FrX03_Reda.mp3,16.026367
/Volumes/Expansion/PORTFOLIO_FINAL/FRANCAIS/AUTRES/IA- FRX02.mp3,20.484133
/Volumes/Expansion/PORTFOLIO_FINAL/FRANCAIS/AUTRES/IAI HERON FRX04.mp3,23.893297
/Volumes/Expansion/PORTFOLIO_FINAL/FRANCAIS/AUTRES/IBA FRX03.mp3,22.541557
/Volumes/Expansion/PORTFOLIO_FINAL/FRANCAIS/AUTRES/IBM FRX03.mp3,16.788572
/Volumes/Expansion/PORTFOLIO_FINAL/FRANCAIS/AUTRES/IDEWE - LUNCH FRX02.mp3,13.818586
/Volumes/Expansion/PORTFOLIO_FINAL/FRANCAIS/AUTRES/IG FR.mp3,13.363618
/Volumes/Expansion/PORTFOLIO_FINAL/FRANCAIS/AUTRES/IIKO FRX03.mp3,17.01326
/Volumes/Expansion/PORTFOLIO_FINAL/FRANCAIS/AUTRES/IIndian Scout Anthem-FR.mp3,11.550363
/Volumes/Expansion/PORTFOLIO_FINAL/FRANCAIS/AUTRES/IKO FRX03.mp3,12.174445
/Volumes/Expansion/PORTFOLIO_FINAL/FRANCAIS/AUTRES/INFIN8_Fr_Reda.mp3,13.138302
/Volumes/Expansion/PORTFOLIO_FINAL/FRANCAIS/AUTRES/INOVEA FR X02.mp3,19.625002
/Volumes/Expansion/PORTFOLIO_FINAL/FRANCAIS/AUTRES/INOVEA FRX02.mp3,24.64327
/Volumes/Expansion/PORTFOLIO_FINAL/FRANCAIS/AUTRES/IQOS FR.mp3,17.998625
/Volumes/Expansion/PORTFOLIO_FINAL/FRANCAIS/AUTRES/IRCEC.mp3,34.526897
/Volumes/Expansion/PORTFOLIO_FINAL/FRANCAIS/AUTRES/IRP AUTO FRX02.mp3,7.960359
/Volumes/Expansion/PORTFOLIO_FINAL/FRANCAIS/AUTRES/IRP_Film long FRX03.mp3,6.640102
/Volumes/Expansion/PORTFOLIO_FINAL/FRANCAIS/AUTRES/ITW FRX03.mp3,17.977684
/Volumes/Expansion/PORTFOLIO_FINAL/FRANCAIS/AUTRES/Iberdomide-1.mp3,8.435145
/Volumes/Expansion/PORTFOLIO_FINAL/FRANCAIS/AUTRES/Iberdomide-10.mp3,13.582383
/Volumes/Expansion/PORTFOLIO_FINAL/FRANCAIS/AUTRES/Iberdomide-11.mp3,17.206417
/Volumes/Expansion/PORTFOLIO_FINAL/FRANCAIS/AUTRES/Iberdomide-12.mp3,42.95936
/Volumes/Expansion/PORTFOLIO_FINAL/FRANCAIS/AUTRES/Iberdomide-13.mp3,10.353424
/Volumes/Expansion/PORTFOLIO_FINAL/FRANCAIS/AUTRES/Iberdomide-2.mp3,12.7971945
/Volumes/Expansion/PORTFOLIO_FINAL/FRANCAIS/AUTRES/Iberdomide-3.mp3,9.562747
/Volumes/Expansion/PORTFOLIO_FINAL/FRANCAIS/AUTRES/Iberdomide-4.mp3,57.352436
/Volumes/Expansion/PORTFOLIO_FINAL/FRANCAIS/AUTRES/Iberdomide-6.mp3,18.116978
/Volumes/Expansion/PORTFOLIO_FINAL/FRANCAIS/AUTRES/Iberdomide-7.mp3,14.730993
/Volumes/Expansion/PORTFOLIO_FINAL/FRANCAIS/AUTRES/Iberdomide-9.mp3,2.650619
/Volumes/Expansion/PORTFOLIO_FINAL/FRANCAIS/AUTRES/Illicado_Fr_Reda.mp3,4.213918
/Volumes/Expansion/PORTFOLIO_FINAL/FRANCAIS/AUTRES/Imagevideo.mp3,27.959513
/Volumes/Expansion/PORTFOLIO_FINAL/FRANCAIS/AUTRES/Inclement Weather Announcement - French version.mp3,9.675596
/Volumes/Expansion/PORTFOLIO_FINAL/FRANCAIS/AUTRES/IngéAndra-RVLF FRX03.mp3,17.451883
/Volumes/Expansion/PORTFOLIO_FINAL/FRANCAIS/AUTRES/Ino FR X03.mp3,13.754156
/Volumes/Expansion/PORTFOLIO_FINAL/FRANCAIS/AUTRES/Insp Travail.mp3,49.168705
/Volumes/Expansion/PORTFOLIO_FINAL/FRANCAIS/AUTRES/InspiFrom-FR.mp3,31.368212
/Volumes/Expansion/PORTFOLIO_FINAL/FRANCAIS/AUTRES/Inspi_fr_reda.mp3,17.845688
/Volumes/Expansion/PORTFOLIO_FINAL/FRANCAIS/AUTRES/Instavoew_Fr_Reda.mp3,2.059219
/Volumes/Expansion/PORTFOLIO_FINAL/FRANCAIS/AUTRES/Instit_Fr_Reda.mp3,20.340576
/Volumes/Expansion/PORTFOLIO_FINAL/FRANCAIS/AUTRES/Internal CCPU campaign FrX03.mp3,18.790243
/Volumes/Expansion/PORTFOLIO_FINAL/FRANCAIS/AUTRES/Internal Communications for Corporate Company - French X03.mp3,50.263813
/Volumes/Expansion/PORTFOLIO_FINAL/FRANCAIS/AUTRES/Intro de documentaire santé FRX03.mp3,7.8368926
/Volumes/Expansion/PORTFOLIO_FINAL/FRANCAIS/AUTRES/Introduction to DPD- French_Reda.mp3,13.95409
/Volumes/Expansion/PORTFOLIO_FINAL/FRANCAIS/AUTRES/Islamic French Audiobook _Reda.mp3,25.914503
/Volumes/Expansion/PORTFOLIO_FINAL/FRANCAIS/AUTRES/Islamic French Audiobook _Reda_01.mp3,24.629776
/Volumes/Expansion/PORTFOLIO_FINAL/FRANCAIS/AUTRES/JAMF Compliance Benchmarks - 30 - FRX03.mp3,16.254766
/Volumes/Expansion/PORTFOLIO_FINAL/FRANCAIS/AUTRES/JB FRX03.mp3,20.478344
/Volumes/Expansion/PORTFOLIO_FINAL/FRANCAIS/AUTRES/JB Trailer FR XX.mp3,7.84207
/Volumes/Expansion/PORTFOLIO_FINAL/FRANCAIS/AUTRES/JDA FRX03.mp3,49.324017
/Volumes/Expansion/PORTFOLIO_FINAL/FRANCAIS/AUTRES/JEDOX FR.mp3,17.549244
/Volumes/Expansion/PORTFOLIO_FINAL/FRANCAIS/AUTRES/JH Amelie Poulain Like FRX02.mp3,19.554277
/Volumes/Expansion/PORTFOLIO_FINAL/FRANCAIS/AUTRES/JH FR-EN X02.mp3,21.856964
/Volumes/Expansion/PORTFOLIO_FINAL/FRANCAIS/AUTRES/JNF KKL FR X03.mp3,9.2893715
/Volumes/Expansion/PORTFOLIO_FINAL/FRANCAIS/AUTRES/JW MARRIOT_JW BATHING_FRX03.mp3,17.850407
/Volumes/Expansion/PORTFOLIO_FINAL/FRANCAIS/AUTRES/JW.mp3,4.6241794
/Volumes/Expansion/PORTFOLIO_FINAL/FRANCAIS/AUTRES/Jacques EN FR XX.mp3,15.389497
/Volumes/Expansion/PORTFOLIO_FINAL/FRANCAIS/AUTRES/Jeu trivia électronique FRX02.mp3,9.924062
/Volumes/Expansion/PORTFOLIO_FINAL/FRANCAIS/AUTRES/Jérome2023.mp3,9.321268
/Volumes/Expansion/PORTFOLIO_FINAL/FRANCAIS/AUTRES/Job Site Solutions EN FR.mp3,4.424998
"/Volumes/Expansion/PORTFOLIO_FINAL/FRANCAIS/AUTRES/Jobs 
Pwered by Tech
.mp3",35.365772
/Volumes/Expansion/PORTFOLIO_FINAL/FRANCAIS/AUTRES/Joe.mp3,13.723228
/Volumes/Expansion/PORTFOLIO_FINAL/FRANCAIS/AUTRES/Jumbo CRM-French_Reda.mp3,20.858768
/Volumes/Expansion/PORTFOLIO_FINAL/FRANCAIS/AUTRES/K's FRX02.mp3,4.706586
/Volumes/Expansion/PORTFOLIO_FINAL/FRANCAIS/AUTRES/KIDZ BOP24-Fr.mp3,4.0613594
/Volumes/Expansion/PORTFOLIO_FINAL/FRANCAIS/AUTRES/KNAUF FRX03.mp3,51.254448
/Volumes/Expansion/PORTFOLIO_FINAL/FRANCAIS/AUTRES/KRESS_Reda.mp3,2.0743227
/Volumes/Expansion/PORTFOLIO_FINAL/FRANCAIS/AUTRES/Kachir Terne - Lydia choufi m3aha .mp3,19.123692
/Volumes/Expansion/PORTFOLIO_FINAL/FRANCAIS/AUTRES/Kachir Terne _01.mp3,7.9270854
/Volumes/Expansion/PORTFOLIO_FINAL/FRANCAIS/AUTRES/Kheops RH FRXX.mp3,16.230185
/Volumes/Expansion/PORTFOLIO_FINAL/FRANCAIS/AUTRES/Klopp Fr X02.mp3,17.771042
/Volumes/Expansion/PORTFOLIO_FINAL/FRANCAIS/AUTRES/Krank FRX03.mp3,35.956738
/Volumes/Expansion/PORTFOLIO_FINAL/FRANCAIS/AUTRES/L'Amour de Paris FRX03.mp3,29.913494
/Volumes/Expansion/PORTFOLIO_FINAL/FRANCAIS/AUTRES/LBX004 Native French voice actors Only (AI).mp3,17.79441
/Volumes/Expansion/PORTFOLIO_FINAL/FRANCAIS/AUTRES/LC FRX03.mp3,14.43195
/Volumes/Expansion/PORTFOLIO_FINAL/FRANCAIS/AUTRES/LEADER-Tom FRX03.mp3,11.673728
/Volumes/Expansion/PORTFOLIO_FINAL/FRANCAIS/AUTRES/LEPARA (OFF) FRX03.mp3,27.657984
/Volumes/Expansion/PORTFOLIO_FINAL/FRANCAIS/AUTRES/LESIEUR SUMMER VIBES 2025 FRX03.mp3,20.24464
/Volumes/Expansion/PORTFOLIO_FINAL/FRANCAIS/AUTRES/LG Evo.mp3,17.432808
/Volumes/Expansion/PORTFOLIO_FINAL/FRANCAIS/AUTRES/LGE FRX03.mp3,14.607005
/Volumes/Expansion/PORTFOLIO_FINAL/FRANCAIS/AUTRES/LLM Demo_Fr_Reda.mp3,19.487778
/Volumes/Expansion/PORTFOLIO_FINAL/FRANCAIS/AUTRES/LOCUTION 1MIN FRENCH.mp3,4.003093
/Volumes/Expansion/PORTFOLIO_FINAL/FRANCAIS/AUTRES/LOL.mp3,24.589846
/Volumes/Expansion/PORTFOLIO_FINAL/FRANCAIS/AUTRES/LORASAN FRX02.mp3,8.549894
/Volumes/Expansion/PORTFOLIO_FINAL/FRANCAIS/AUTRES/LORD HALAR-Reda Reda 3tks .mp3,11.178536
/Volumes/Expansion/PORTFOLIO_FINAL/FRANCAIS/AUTRES/LORD HALAR-Reda Reda 3tks.mp3,13.553975
/Volumes/Expansion/PORTFOLIO_FINAL/FRANCAIS/AUTRES/LY FRXX02.mp3,20.13242
/Volumes/Expansion/PORTFOLIO_FINAL/FRANCAIS/AUTRES/La Réalité une et Unique et les doubles réalités X02.mp3,18.87148
/Volumes/Expansion/PORTFOLIO_FINAL/FRANCAIS/AUTRES/LaCo UGC VO FRX03.mp3,10.17841
/Volumes/Expansion/PORTFOLIO_FINAL/FRANCAIS/AUTRES/Landmarks- Moodfilms WOW (H)-FR_Reda.mp3.mp3,3.0077949
/Volumes/Expansion/PORTFOLIO_FINAL/FRANCAIS/AUTRES/Language App FR.mp3,12.465866
/Volumes/Expansion/PORTFOLIO_FINAL/FRANCAIS/AUTRES/Larynx- FR X02.mp3,14.00084
/Volumes/Expansion/PORTFOLIO_FINAL/FRANCAIS/AUTRES/Lazare-Fr_Reda.mp3,41.14083
/Volumes/Expansion/PORTFOLIO_FINAL/FRANCAIS/AUTRES/Le Comptoir Des éleveurs.mp3,14.6852455
/Volumes/Expansion/PORTFOLIO_FINAL/FRANCAIS/AUTRES/Le Rois du Matelas-Radio ad FR .mp3,1.0484985
/Volumes/Expansion/PORTFOLIO_FINAL/FRANCAIS/AUTRES/Leagues Cup 2025 - French.mp3,27.776562
/Volumes/Expansion/PORTFOLIO_FINAL/FRANCAIS/AUTRES/Lecture Mag.mp3,36.108963
/Volumes/Expansion/PORTFOLIO_FINAL/FRANCAIS/AUTRES/Leon .mp3,21.933683
/Volumes/Expansion/PORTFOLIO_FINAL/FRANCAIS/AUTRES/Leon FR X03.mp3,1.3562835
/Volumes/Expansion/PORTFOLIO_FINAL/FRANCAIS/AUTRES/Leroy Merlin FRX03.mp3,9.798586
/Volumes/Expansion/PORTFOLIO_FINAL/FRANCAIS/AUTRES/Les Avnturiers du Rail FRX03.mp3,5.693665
/Volumes/Expansion/PORTFOLIO_FINAL/FRANCAIS/AUTRES/Les Bougies_Fr_Reda.mp3,36.800106
/Volumes/Expansion/PORTFOLIO_FINAL/FRANCAIS/AUTRES/Les Fourmis..mp3,27.487537
/Volumes/Expansion/PORTFOLIO_FINAL/FRANCAIS/AUTRES/Les Menhirs.mp3,17.999208
/Volumes/Expansion/PORTFOLIO_FINAL/FRANCAIS/AUTRES/Les Pêcheries à vapeur - voix off FR X02.mp3,32.529892
/Volumes/Expansion/PORTFOLIO_FINAL/FRANCAIS/AUTRES/Lesaffre recettes FR Hommes.mp3,5.9083757
/Volumes/Expansion/PORTFOLIO_FINAL/FRANCAIS/AUTRES/Lesieur Summer Vibes1-1 FRX03.mp3,19.699003
/Volumes/Expansion/PORTFOLIO_FINAL/FRANCAIS/AUTRES/Level 3 FRX03.mp3,23.937471
/Volumes/Expansion/PORTFOLIO_FINAL/FRANCAIS/AUTRES/Life Agent 2.0 FRX03.mp3,7.6264834
/Volumes/Expansion/PORTFOLIO_FINAL/FRANCAIS/AUTRES/Life FRX.mp3,14.910937
/Volumes/Expansion/PORTFOLIO_FINAL/FRANCAIS/AUTRES/Life Stle FRXX.mp3,5.4719033
/Volumes/Expansion/PORTFOLIO_FINAL/FRANCAIS/AUTRES/Ling Class Proj-FRXX.mp3,8.2740555
/Volumes/Expansion/PORTFOLIO_FINAL/FRANCAIS/AUTRES/Litefi FR X03.mp3,56.95769
/Volumes/Expansion/PORTFOLIO_FINAL/FRANCAIS/AUTRES/Longview TAx-FR.mp3,9.7089
/Volumes/Expansion/PORTFOLIO_FINAL/FRANCAIS/AUTRES/LudoPark-FR.mp3,15.394702
/Volumes/Expansion/PORTFOLIO_FINAL/FRANCAIS/AUTRES/Luxe_Fr_Reda.mp3,15.209587
/Volumes/Expansion/PORTFOLIO_FINAL/FRANCAIS/AUTRES/Lyr FR.mp3,18.244585
/Volumes/Expansion/PORTFOLIO_FINAL/FRANCAIS/AUTRES/M&L Brothership FRX02.mp3,19.99119
/Volumes/Expansion/PORTFOLIO_FINAL/FRANCAIS/AUTRES/M2a FRX03.mp3,37.689518
/Volumes/Expansion/PORTFOLIO_FINAL/FRANCAIS/AUTRES/MATHIS-FR X02.mp3,8.667153
/Volumes/Expansion/PORTFOLIO_FINAL/FRANCAIS/AUTRES/MATHIS-FRmp3.mp3,8.71398
/Volumes/Expansion/PORTFOLIO_FINAL/FRANCAIS/AUTRES/MAlik FRX03 .mp3,20.452354
/Volumes/Expansion/PORTFOLIO_FINAL/FRANCAIS/AUTRES/MB FRX03.mp3,21.087849
/Volumes/Expansion/PORTFOLIO_FINAL/FRANCAIS/AUTRES/MD FR .mp3,1.2135942
/Volumes/Expansion/PORTFOLIO_FINAL/FRANCAIS/AUTRES/ME FRench.mp3,43.1922
/Volumes/Expansion/PORTFOLIO_FINAL/FRANCAIS/AUTRES/ME Testimony_French-Arabic.mp3,25.598898
/Volumes/Expansion/PORTFOLIO_FINAL/FRANCAIS/AUTRES/MED_EL FRX02.mp3,16.836254
/Volumes/Expansion/PORTFOLIO_FINAL/FRANCAIS/AUTRES/MELFOR-FR.mp3,20.536278
/Volumes/Expansion/PORTFOLIO_FINAL/FRANCAIS/AUTRES/MI FRX03.mp3,11.701164
/Volumes/Expansion/PORTFOLIO_FINAL/FRANCAIS/AUTRES/MIDLAND_FrX04_Reda.mp3,9.3796425
/Volumes/Expansion/PORTFOLIO_FINAL/FRANCAIS/AUTRES/MIKA-Fr.mp3,16.250364
/Volumes/Expansion/PORTFOLIO_FINAL/FRANCAIS/AUTRES/MMA 911.mp3,22.520317
/Volumes/Expansion/PORTFOLIO_FINAL/FRANCAIS/AUTRES/MOA Ebglyss FRX03.mp3,10.763308
/Volumes/Expansion/PORTFOLIO_FINAL/FRANCAIS/AUTRES/MPF-French X03.mp3,17.449408
/Volumes/Expansion/PORTFOLIO_FINAL/FRANCAIS/AUTRES/MS.mp3,18.204035
/Volumes/Expansion/PORTFOLIO_FINAL/FRANCAIS/AUTRES/MTBA FR X03.mp3,41.374905
"/Volumes/Expansion/PORTFOLIO_FINAL/FRANCAIS/AUTRES/MV FR 3x3 Transformational Leader - Monty Moran- Time Syncing Project
.mp3",6.155323
/Volumes/Expansion/PORTFOLIO_FINAL/FRANCAIS/AUTRES/MV FR Course Pro - Jimmy Narraine- Time Syncing Project.mp3,36.326637
/Volumes/Expansion/PORTFOLIO_FINAL/FRANCAIS/AUTRES/MaBanque.mp3,21.254633
/Volumes/Expansion/PORTFOLIO_FINAL/FRANCAIS/AUTRES/Maggie FRX04.mp3,5.3467355
/Volumes/Expansion/PORTFOLIO_FINAL/FRANCAIS/AUTRES/Magic Estudio FRX02.mp3,11.922367
/Volumes/Expansion/PORTFOLIO_FINAL/FRANCAIS/AUTRES/Male EU French voice for YouTube Ads.mp3,5.301472
/Volumes/Expansion/PORTFOLIO_FINAL/FRANCAIS/AUTRES/Male Overvoice  History Podcast FR.mp3,21.037027
/Volumes/Expansion/PORTFOLIO_FINAL/FRANCAIS/AUTRES/Male Overvoice Podcast FR.mp3,12.311647
/Volumes/Expansion/PORTFOLIO_FINAL/FRANCAIS/AUTRES/Manifeste Céramique-Fr_Reda.mp3,22.85971
/Volumes/Expansion/PORTFOLIO_FINAL/FRANCAIS/AUTRES/Manifesto-Fr_Reda.mp3,17.235924
/Volumes/Expansion/PORTFOLIO_FINAL/FRANCAIS/AUTRES/ManifestoX4.mp3,36.925297
/Volumes/Expansion/PORTFOLIO_FINAL/FRANCAIS/AUTRES/Manuel FRX03.mp3,10.2337
/Volumes/Expansion/PORTFOLIO_FINAL/FRANCAIS/AUTRES/Marc_Fr_Reda.mp3,23.924107
/Volumes/Expansion/PORTFOLIO_FINAL/FRANCAIS/AUTRES/Mateo FR .mp3,33.739414
/Volumes/Expansion/PORTFOLIO_FINAL/FRANCAIS/AUTRES/MedFr.mp3,9.796014
/Volumes/Expansion/PORTFOLIO_FINAL/FRANCAIS/AUTRES/Medical Naration FR X02.mp3,12.112501
/Volumes/Expansion/PORTFOLIO_FINAL/FRANCAIS/AUTRES/Medical product brand voice French MVO FRX03.mp3,7.7376876
/Volumes/Expansion/PORTFOLIO_FINAL/FRANCAIS/AUTRES/Mention legales FRX03.mp3,3.8871877
/Volumes/Expansion/PORTFOLIO_FINAL/FRANCAIS/AUTRES/Merci Le Tour_Fr_X03_Reda.mp3,1.7315097
/Volumes/Expansion/PORTFOLIO_FINAL/FRANCAIS/AUTRES/Meritor FR .mp3,21.862204
/Volumes/Expansion/PORTFOLIO_FINAL/FRANCAIS/AUTRES/MesAmours.mp3,20.253088
/Volumes/Expansion/PORTFOLIO_FINAL/FRANCAIS/AUTRES/MesAmours3.mp3,7.3629456
/Volumes/Expansion/PORTFOLIO_FINAL/FRANCAIS/AUTRES/MesAmours7.mp3,7.3282666
/Volumes/Expansion/PORTFOLIO_FINAL/FRANCAIS/AUTRES/Mezigdomide-1.mp3,21.332775
/Volumes/Expansion/PORTFOLIO_FINAL/FRANCAIS/AUTRES/Mezigdomide-10.mp3,30.153687
/Volumes/Expansion/PORTFOLIO_FINAL/FRANCAIS/AUTRES/Mezigdomide-11.mp3,20.452099
/Volumes/Expansion/PORTFOLIO_FINAL/FRANCAIS/AUTRES/Mezigdomide-12.mp3,24.297707
/Volumes/Expansion/PORTFOLIO_FINAL/FRANCAIS/AUTRES/Mezigdomide-13.mp3,27.054884
/Volumes/Expansion/PORTFOLIO_FINAL/FRANCAIS/AUTRES/Mezigdomide-2.mp3,1.4315721
/Volumes/Expansion/PORTFOLIO_FINAL/FRANCAIS/AUTRES/Mezigdomide-3.mp3,7.997722
/Volumes/Expansion/PORTFOLIO_FINAL/FRANCAIS/AUTRES/Mezigdomide-4.mp3,4.0886536
/Volumes/Expansion/PORTFOLIO_FINAL/FRANCAIS/AUTRES/Mezigdomide-6.mp3,9.035605
/Volumes/Expansion/PORTFOLIO_FINAL/FRANCAIS/AUTRES/Mezigdomide-9.mp3,18.78764
/Volumes/Expansion/PORTFOLIO_FINAL/FRANCAIS/AUTRES/Mieterinnenverband Kanton Bern - French VoiceX02.mp3,18.891474
/Volumes/Expansion/PORTFOLIO_FINAL/FRANCAIS/AUTRES/Milk_Algeria_Fr_Reda.mp3,24.842634
/Volumes/Expansion/PORTFOLIO_FINAL/FRANCAIS/AUTRES/Mirabaud FR X03.mp3,17.440504
/Volumes/Expansion/PORTFOLIO_FINAL/FRANCAIS/AUTRES/MitsuDad_Fr_Reda.mp3,13.254444
/Volumes/Expansion/PORTFOLIO_FINAL/FRANCAIS/AUTRES/MoFlash_Fr_Reda.mp3,3.6107714
/Volumes/Expansion/PORTFOLIO_FINAL/FRANCAIS/AUTRES/Mobility App FR.mp3,36.47682
/Volumes/Expansion/PORTFOLIO_FINAL/FRANCAIS/AUTRES/Monday..com FRX03.mp3,15.567006
/Volumes/Expansion/PORTFOLIO_FINAL/FRANCAIS/AUTRES/Monday.com FR X03.mp3,2.02671
/Volumes/Expansion/PORTFOLIO_FINAL/FRANCAIS/AUTRES/Monsieur Adam_Fr_Reda.mp3,10.38903
/Volumes/Expansion/PORTFOLIO_FINAL/FRANCAIS/AUTRES/MontBlanc-EN_Fr.mp3,3.1004527
/Volumes/Expansion/PORTFOLIO_FINAL/FRANCAIS/AUTRES/Move2Nominative FR XX.mp3,25.421295
/Volumes/Expansion/PORTFOLIO_FINAL/FRANCAIS/AUTRES/Mr Jhonson.mp3,47.506718
/Volumes/Expansion/PORTFOLIO_FINAL/FRANCAIS/AUTRES/Museum AudioGuide.mp3,9.406071
/Volumes/Expansion/PORTFOLIO_FINAL/FRANCAIS/AUTRES/Mysterious speakers FRX02.mp3,18.559639
/Volumes/Expansion/PORTFOLIO_FINAL/FRANCAIS/AUTRES/NAVIMOW FR X02 .mp3,13.748244
/Volumes/Expansion/PORTFOLIO_FINAL/FRANCAIS/AUTRES/NAVIMOW FRX02.mp3,8.82035
/Volumes/Expansion/PORTFOLIO_FINAL/FRANCAIS/AUTRES/NDA Feature Film.mp3,31.662561
/Volumes/Expansion/PORTFOLIO_FINAL/FRANCAIS/AUTRES/NInja Luxe Café FRX03.mp3,13.118561
/Volumes/Expansion/PORTFOLIO_FINAL/FRANCAIS/AUTRES/NOVO_Merger_Reda.mp3,19.393625
/Volumes/Expansion/PORTFOLIO_FINAL/FRANCAIS/AUTRES/Napoleon FR .mp3,21.966175
/Volumes/Expansion/PORTFOLIO_FINAL/FRANCAIS/AUTRES/Narrative voice-over  perfume brand FRX03.mp3,13.010988
/Volumes/Expansion/PORTFOLIO_FINAL/FRANCAIS/AUTRES/Narrator FRX03.mp3,34.08776
/Volumes/Expansion/PORTFOLIO_FINAL/FRANCAIS/AUTRES/Nathan Poulain.mp3,16.513685
/Volumes/Expansion/PORTFOLIO_FINAL/FRANCAIS/AUTRES/Navan Rewards_Fr_Reda.mp3,2.9142888
/Volumes/Expansion/PORTFOLIO_FINAL/FRANCAIS/AUTRES/Navibration FRX03.mp3,21.131948
/Volumes/Expansion/PORTFOLIO_FINAL/FRANCAIS/AUTRES/NestléProFrance_Reda.mp3,7.2264686
/Volumes/Expansion/PORTFOLIO_FINAL/FRANCAIS/AUTRES/NetApp Legacy SAN - FRX02.mp3,16.595465
/Volumes/Expansion/PORTFOLIO_FINAL/FRANCAIS/AUTRES/Neurora2 FRX03.mp3,16.64143
/Volumes/Expansion/PORTFOLIO_FINAL/FRANCAIS/AUTRES/News Hero Dog.mp3,5.4914575
/Volumes/Expansion/PORTFOLIO_FINAL/FRANCAIS/AUTRES/Nicollier groupe-Fr_Reda.mp3,15.155146
/Volumes/Expansion/PORTFOLIO_FINAL/FRANCAIS/AUTRES/Niraj Naik-FR.mp3,10.531038
/Volumes/Expansion/PORTFOLIO_FINAL/FRANCAIS/AUTRES/Noncore FRX03.mp3,19.96991
/Volumes/Expansion/PORTFOLIO_FINAL/FRANCAIS/AUTRES/Noncore French.mp3,14.548019
/Volumes/Expansion/PORTFOLIO_FINAL/FRANCAIS/AUTRES/NordicTrack-Fr 3+1.mp3,16.864046
/Volumes/Expansion/PORTFOLIO_FINAL/FRANCAIS/AUTRES/OASE.mp3,12.6080885
/Volumes/Expansion/PORTFOLIO_FINAL/FRANCAIS/AUTRES/OIF-FR_Reda.mp3,19.589434
/Volumes/Expansion/PORTFOLIO_FINAL/FRANCAIS/AUTRES/OLEO MAC 56 FRX03.mp3,22.983326
/Volumes/Expansion/PORTFOLIO_FINAL/FRANCAIS/AUTRES/OMA001 Native French (France).mp3,16.176853
/Volumes/Expansion/PORTFOLIO_FINAL/FRANCAIS/AUTRES/OPi FRX02.mp3,15.046729
/Volumes/Expansion/PORTFOLIO_FINAL/FRANCAIS/AUTRES/OSC2024 FR XX.mp3,17.878101
/Volumes/Expansion/PORTFOLIO_FINAL/FRANCAIS/AUTRES/OWNAT-FR X02.mp3,7.6686735
/Volumes/Expansion/PORTFOLIO_FINAL/FRANCAIS/AUTRES/Officine FR X03.mp3,22.93257
/Volumes/Expansion/PORTFOLIO_FINAL/FRANCAIS/AUTRES/OhPurée X03 .mp3,38.27478
/Volumes/Expansion/PORTFOLIO_FINAL/FRANCAIS/AUTRES/Olympics X04.mp3,29.092922
/Volumes/Expansion/PORTFOLIO_FINAL/FRANCAIS/AUTRES/Omnipod 5-FR.mp3,17.161251
/Volumes/Expansion/PORTFOLIO_FINAL/FRANCAIS/AUTRES/Online Broker Crypto FRX03.mp3,13.591241
/Volumes/Expansion/PORTFOLIO_FINAL/FRANCAIS/AUTRES/Online Broker FRX03.mp3,33.83813
/Volumes/Expansion/PORTFOLIO_FINAL/FRANCAIS/AUTRES/Only In  Madrid.mp3,31.72486
/Volumes/Expansion/PORTFOLIO_FINAL/FRANCAIS/AUTRES/Only In Madrid FRX03.mp3,30.285172
/Volumes/Expansion/PORTFOLIO_FINAL/FRANCAIS/AUTRES/Ooni Fyra 12_Fr_Reda.mp3,28.89025
/Volumes/Expansion/PORTFOLIO_FINAL/FRANCAIS/AUTRES/Op GX FRX03.mp3,44.70204
/Volumes/Expansion/PORTFOLIO_FINAL/FRANCAIS/AUTRES/OrangeTeaming_Fr_reda.mp3,9.176972
/Volumes/Expansion/PORTFOLIO_FINAL/FRANCAIS/AUTRES/Orgueil & Prejugés -Chapitre 8  .mp3,25.59682
/Volumes/Expansion/PORTFOLIO_FINAL/FRANCAIS/AUTRES/Oulà.mp3,18.602839
/Volumes/Expansion/PORTFOLIO_FINAL/FRANCAIS/AUTRES/Overdub EN-FR.mp3,26.487123
/Volumes/Expansion/PORTFOLIO_FINAL/FRANCAIS/AUTRES/PAN ARMENIAN FRX03.mp3,22.080349
/Volumes/Expansion/PORTFOLIO_FINAL/FRANCAIS/AUTRES/PB&J.mp3,21.89402
/Volumes/Expansion/PORTFOLIO_FINAL/FRANCAIS/AUTRES/PC FR .mp3,18.705088
/Volumes/Expansion/PORTFOLIO_FINAL/FRANCAIS/AUTRES/PC FR X03.mp3,12.50989
/Volumes/Expansion/PORTFOLIO_FINAL/FRANCAIS/AUTRES/PC FRX03.mp3,10.295153
/Volumes/Expansion/PORTFOLIO_FINAL/FRANCAIS/AUTRES/PLATH Group_fr_Reda.mp3,12.604977
/Volumes/Expansion/PORTFOLIO_FINAL/FRANCAIS/AUTRES/PLC-FRX03.mp3,16.608164
/Volumes/Expansion/PORTFOLIO_FINAL/FRANCAIS/AUTRES/PLP .mp3,1.7153125
/Volumes/Expansion/PORTFOLIO_FINAL/FRANCAIS/AUTRES/PM.mp3,8.5171585
/Volumes/Expansion/PORTFOLIO_FINAL/FRANCAIS/AUTRES/POS Training French X02.mp3,22.090778
/Volumes/Expansion/PORTFOLIO_FINAL/FRANCAIS/AUTRES/PPG-FR.mp3,11.228966
/Volumes/Expansion/PORTFOLIO_FINAL/FRANCAIS/AUTRES/PR2604 - WC - FRX03.mp3,22.239235
/Volumes/Expansion/PORTFOLIO_FINAL/FRANCAIS/AUTRES/PV FR X03.mp3,22.573168
/Volumes/Expansion/PORTFOLIO_FINAL/FRANCAIS/AUTRES/Pack Shot Brand Content FRX03.mp3,23.299845
/Volumes/Expansion/PORTFOLIO_FINAL/FRANCAIS/AUTRES/Panic Cafard FRX03.mp3,3.051257
/Volumes/Expansion/PORTFOLIO_FINAL/FRANCAIS/AUTRES/Panthéon FRX03.mp3,11.822077
/Volumes/Expansion/PORTFOLIO_FINAL/FRANCAIS/AUTRES/Papy noel -Fr.mp3,4.7871594
/Volumes/Expansion/PORTFOLIO_FINAL/FRANCAIS/AUTRES/Paris EN FR X03.mp3,27.69923
/Volumes/Expansion/PORTFOLIO_FINAL/FRANCAIS/AUTRES/Passkeys FRX03.mp3,17.539917
/Volumes/Expansion/PORTFOLIO_FINAL/FRANCAIS/AUTRES/Pasta Lovers.mp3,0.8163359
/Volumes/Expansion/PORTFOLIO_FINAL/FRANCAIS/AUTRES/Pause_Fr_reda.mp3,7.040396
/Volumes/Expansion/PORTFOLIO_FINAL/FRANCAIS/AUTRES/Pavements FRX02.mp3,19.280756
/Volumes/Expansion/PORTFOLIO_FINAL/FRANCAIS/AUTRES/PeachyPodcast-French_Reda.mp3,25.377073
/Volumes/Expansion/PORTFOLIO_FINAL/FRANCAIS/AUTRES/Pedialyte-fr.mp3,13.456454
/Volumes/Expansion/PORTFOLIO_FINAL/FRANCAIS/AUTRES/Pedialyte_Fr_Reda.mp3,3.063014
/Volumes/Expansion/PORTFOLIO_FINAL/FRANCAIS/AUTRES/Pegasus-AL FRX03.mp3,15.988614
/Volumes/Expansion/PORTFOLIO_FINAL/FRANCAIS/AUTRES/Pepin III FRX03.mp3,8.92713
/Volumes/Expansion/PORTFOLIO_FINAL/FRANCAIS/AUTRES/Pepsi Cook-FR.mp3,63.603413
/Volumes/Expansion/PORTFOLIO_FINAL/FRANCAIS/AUTRES/Pere Courir FRX04.mp3,4.3079705
/Volumes/Expansion/PORTFOLIO_FINAL/FRANCAIS/AUTRES/Perso 2 FRX02.mp3,32.2684
/Volumes/Expansion/PORTFOLIO_FINAL/FRANCAIS/AUTRES/Perso 3 FRX02.mp3,30.438688
/Volumes/Expansion/PORTFOLIO_FINAL/FRANCAIS/AUTRES/Personage Fictif_Fr_Reda.mp3,12.617254
/Volumes/Expansion/PORTFOLIO_FINAL/FRANCAIS/AUTRES/Personnage historique FRX02.mp3,5.492171
/Volumes/Expansion/PORTFOLIO_FINAL/FRANCAIS/AUTRES/Philly Prison AudioGuide FRX03.mp3,32.17225
/Volumes/Expansion/PORTFOLIO_FINAL/FRANCAIS/AUTRES/Phone_TC event_Fr_Reda.mp3,3.1512594
/Volumes/Expansion/PORTFOLIO_FINAL/FRANCAIS/AUTRES/Pierret_Fr_Reda 2.mp3,19.078432
/Volumes/Expansion/PORTFOLIO_FINAL/FRANCAIS/AUTRES/Pierret_Fr_Reda.mp3,12.678706
/Volumes/Expansion/PORTFOLIO_FINAL/FRANCAIS/AUTRES/Pimp My FRX03.mp3,4.845022
/Volumes/Expansion/PORTFOLIO_FINAL/FRANCAIS/AUTRES/Pingouin FRX03.mp3,9.915637
/Volumes/Expansion/PORTFOLIO_FINAL/FRANCAIS/AUTRES/Pitchero GPS FRX03.mp3,11.488434
/Volumes/Expansion/PORTFOLIO_FINAL/FRANCAIS/AUTRES/Pixar FRX03 .mp3,12.520029
/Volumes/Expansion/PORTFOLIO_FINAL/FRANCAIS/AUTRES/Pizzapizza.fr.mp3,21.34026
/Volumes/Expansion/PORTFOLIO_FINAL/FRANCAIS/AUTRES/Place Des Arcades - FRX03.mp3,14.327223
/Volumes/Expansion/PORTFOLIO_FINAL/FRANCAIS/AUTRES/Place Des Arcades - FRX03mp3.mp3,15.327344
/Volumes/Expansion/PORTFOLIO_FINAL/FRANCAIS/AUTRES/Player+Fan FRX03.mp3,9.054414
/Volumes/Expansion/PORTFOLIO_FINAL/FRANCAIS/AUTRES/Pneumo Narrateur.mp3,15.646781
/Volumes/Expansion/PORTFOLIO_FINAL/FRANCAIS/AUTRES/Podcast French Dub.mp3,36.800865
/Volumes/Expansion/PORTFOLIO_FINAL/FRANCAIS/AUTRES/Poetry Fr X03.mp3,16.631914
"/Volumes/Expansion/PORTFOLIO_FINAL/FRANCAIS/AUTRES/Point of Sale training-french (Duplicate) X02
.mp3",32.091835
/Volumes/Expansion/PORTFOLIO_FINAL/FRANCAIS/AUTRES/Polit Ad FRX03.mp3,6.983233
/Volumes/Expansion/PORTFOLIO_FINAL/FRANCAIS/AUTRES/Pollutec FRX02.mp3,16.014862
/Volumes/Expansion/PORTFOLIO_FINAL/FRANCAIS/AUTRES/Polytex Introduction-FR_Reda.mp3,19.465067
/Volumes/Expansion/PORTFOLIO_FINAL/FRANCAIS/AUTRES/Polytex-Jim_FR_Reda.mp3,36.585625
/Volumes/Expansion/PORTFOLIO_FINAL/FRANCAIS/AUTRES/Port S FR X02.mp3,8.242888
/Volumes/Expansion/PORTFOLIO_FINAL/FRANCAIS/AUTRES/Potential New FF_Reda.mp3,3.9098012
/Volumes/Expansion/PORTFOLIO_FINAL/FRANCAIS/AUTRES/Pour Elle  FRX03.mp3,23.220259
/Volumes/Expansion/PORTFOLIO_FINAL/FRANCAIS/AUTRES/Pour Oussama .mp3,46.099094
/Volumes/Expansion/PORTFOLIO_FINAL/FRANCAIS/AUTRES/Pour Oussama.mp3,25.930742
/Volumes/Expansion/PORTFOLIO_FINAL/FRANCAIS/AUTRES/Pourquoi FRX03.mp3,20.930513
/Volumes/Expansion/PORTFOLIO_FINAL/FRANCAIS/AUTRES/Powder FRX03.mp3,30.443329
/Volumes/Expansion/PORTFOLIO_FINAL/FRANCAIS/AUTRES/Pr Guedd FRX03.mp3,10.897842
/Volumes/Expansion/PORTFOLIO_FINAL/FRANCAIS/AUTRES/Primagaz Bio TWINY FR.mp3,32.61977
/Volumes/Expansion/PORTFOLIO_FINAL/FRANCAIS/AUTRES/Project #199796 - Parlini Land – FR.mp3,14.727657
/Volumes/Expansion/PORTFOLIO_FINAL/FRANCAIS/AUTRES/Project V-FR.mp3,26.04485
/Volumes/Expansion/PORTFOLIO_FINAL/FRANCAIS/AUTRES/Projet CEA Audace #2 Casting 2 FRX02.mp3,20.936466
/Volumes/Expansion/PORTFOLIO_FINAL/FRANCAIS/AUTRES/Projet CEA Audace #2 Casting 3 FR.mp3,14.390178
/Volumes/Expansion/PORTFOLIO_FINAL/FRANCAIS/AUTRES/Proper FRX02.mp3,4.194397
/Volumes/Expansion/PORTFOLIO_FINAL/FRANCAIS/AUTRES/Prophix_Fr_Reda.mp3,15.9701805
/Volumes/Expansion/PORTFOLIO_FINAL/FRANCAIS/AUTRES/Pub Don-FR_Reda.mp3,9.769855
/Volumes/Expansion/PORTFOLIO_FINAL/FRANCAIS/AUTRES/PuckSucker-FR.mp3,20.283907
/Volumes/Expansion/PORTFOLIO_FINAL/FRANCAIS/AUTRES/Pure Gym-FR_Reda.mp3,12.782291
/Volumes/Expansion/PORTFOLIO_FINAL/FRANCAIS/AUTRES/QR FRX03.mp3,9.051643
/Volumes/Expansion/PORTFOLIO_FINAL/FRANCAIS/AUTRES/Qc_Reda.mp3,30.538746
/Volumes/Expansion/PORTFOLIO_FINAL/FRANCAIS/AUTRES/QuadLock FRX03.mp3,11.761521
/Volumes/Expansion/PORTFOLIO_FINAL/FRANCAIS/AUTRES/Quiz HepC-FR.mp3,8.578432
/Volumes/Expansion/PORTFOLIO_FINAL/FRANCAIS/AUTRES/RAID_X03_Fr_Reda.mp3,10.516988
/Volumes/Expansion/PORTFOLIO_FINAL/FRANCAIS/AUTRES/RAP Urban FRX05.mp3,3.4901721
/Volumes/Expansion/PORTFOLIO_FINAL/FRANCAIS/AUTRES/RATIONAL FRX02.mp3,3.9827523
/Volumes/Expansion/PORTFOLIO_FINAL/FRANCAIS/AUTRES/RH FRX03.mp3,8.949016
/Volumes/Expansion/PORTFOLIO_FINAL/FRANCAIS/AUTRES/RP ExpéDICtion FRXX.mp3,15.461737
/Volumes/Expansion/PORTFOLIO_FINAL/FRANCAIS/AUTRES/Radio Liberté FR X03.mp3,11.713897
/Volumes/Expansion/PORTFOLIO_FINAL/FRANCAIS/AUTRES/Rail_Fr_Reda.mp3,25.127012
/Volumes/Expansion/PORTFOLIO_FINAL/FRANCAIS/AUTRES/Rani FUSE.mp3,6.997192
/Volumes/Expansion/PORTFOLIO_FINAL/FRANCAIS/AUTRES/Rav FR .mp3,11.186728
/Volumes/Expansion/PORTFOLIO_FINAL/FRANCAIS/AUTRES/ReadCube FRX02.mp3,25.597076
/Volumes/Expansion/PORTFOLIO_FINAL/FRANCAIS/AUTRES/Real AFRIKA FRX04.mp3,30.74506
/Volumes/Expansion/PORTFOLIO_FINAL/FRANCAIS/AUTRES/Red Cross animation - Restoring Family Links (French).mp3,60.747284
/Volumes/Expansion/PORTFOLIO_FINAL/FRANCAIS/AUTRES/Red.Reda.Fr.mp3,18.02186
/Volumes/Expansion/PORTFOLIO_FINAL/FRANCAIS/AUTRES/Reda KHIAR _SC.mp3,12.711692
/Volumes/Expansion/PORTFOLIO_FINAL/FRANCAIS/AUTRES/Reda KHIAR.mp3,32.532825
/Volumes/Expansion/PORTFOLIO_FINAL/FRANCAIS/AUTRES/Reda KHIAR_Algiers DZ.mp3,15.807559
/Volumes/Expansion/PORTFOLIO_FINAL/FRANCAIS/AUTRES/Reda KHIAR_Algiers.mp3,11.816319
/Volumes/Expansion/PORTFOLIO_FINAL/FRANCAIS/AUTRES/Reda Khiar_HomeStudio_Algiers_1.mp3,38.340862
/Volumes/Expansion/PORTFOLIO_FINAL/FRANCAIS/AUTRES/Reda Khiar_HomeStudio_Algiers_2.mp3,3.8580303
/Volumes/Expansion/PORTFOLIO_FINAL/FRANCAIS/AUTRES/RedaKhiarAMZPD23 Role 2 Winner.mp3,4.619946
/Volumes/Expansion/PORTFOLIO_FINAL/FRANCAIS/AUTRES/Reflections on Cybersecurity 2.mp3,4.951598
/Volumes/Expansion/PORTFOLIO_FINAL/FRANCAIS/AUTRES/RefoestActionXKiabi_Fr_Reda.mp3,4.503839
/Volumes/Expansion/PORTFOLIO_FINAL/FRANCAIS/AUTRES/Relato Francia-Fr.mp3,27.872343
/Volumes/Expansion/PORTFOLIO_FINAL/FRANCAIS/AUTRES/Renzo Piano.mp3,35.777718
/Volumes/Expansion/PORTFOLIO_FINAL/FRANCAIS/AUTRES/Resistant.mp3,19.078773
/Volumes/Expansion/PORTFOLIO_FINAL/FRANCAIS/AUTRES/Retail FRX03.mp3,21.974888
/Volumes/Expansion/PORTFOLIO_FINAL/FRANCAIS/AUTRES/Retour au Travail FRX03.mp3,24.629835
/Volumes/Expansion/PORTFOLIO_FINAL/FRANCAIS/AUTRES/Revitive FRX03.mp3,18.224745
/Volumes/Expansion/PORTFOLIO_FINAL/FRANCAIS/AUTRES/Revolt.eco FRX03.mp3,28.856384
/Volumes/Expansion/PORTFOLIO_FINAL/FRANCAIS/AUTRES/Richter Alu FRX02.mp3,13.687984
/Volumes/Expansion/PORTFOLIO_FINAL/FRANCAIS/AUTRES/Riise_FR _Reda.mp3,14.348368
/Volumes/Expansion/PORTFOLIO_FINAL/FRANCAIS/AUTRES/Robbie FRX03.mp3,12.845757
/Volumes/Expansion/PORTFOLIO_FINAL/FRANCAIS/AUTRES/Roblox FRX03.mp3,22.252794
/Volumes/Expansion/PORTFOLIO_FINAL/FRANCAIS/AUTRES/Robotik - Lost in the Arcade EN FR X03.mp3,30.076195
/Volumes/Expansion/PORTFOLIO_FINAL/FRANCAIS/AUTRES/Rose W Final.mp3,12.781985
/Volumes/Expansion/PORTFOLIO_FINAL/FRANCAIS/AUTRES/Rover FR .mp3,14.1784725
/Volumes/Expansion/PORTFOLIO_FINAL/FRANCAIS/AUTRES/Royale X04.mp3,30.561638
/Volumes/Expansion/PORTFOLIO_FINAL/FRANCAIS/AUTRES/SADAO FRX03.mp3,30.43932
/Volumes/Expansion/PORTFOLIO_FINAL/FRANCAIS/AUTRES/SADTEM X03.mp3,16.767649
/Volumes/Expansion/PORTFOLIO_FINAL/FRANCAIS/AUTRES/SANOBref.mp3,25.098694
/Volumes/Expansion/PORTFOLIO_FINAL/FRANCAIS/AUTRES/SAVERNOU FRX02.mp3,2.9023652
/Volumes/Expansion/PORTFOLIO_FINAL/FRANCAIS/AUTRES/SBEP FR X01.mp3,16.388098
/Volumes/Expansion/PORTFOLIO_FINAL/FRANCAIS/AUTRES/SENDWAVE-Af Fr.mp3,37.128925
/Volumes/Expansion/PORTFOLIO_FINAL/FRANCAIS/AUTRES/SEPTEO X2.mp3,51.721806
/Volumes/Expansion/PORTFOLIO_FINAL/FRANCAIS/AUTRES/SG Monetique.mp3,11.185058
/Volumes/Expansion/PORTFOLIO_FINAL/FRANCAIS/AUTRES/SG_IT_Fr_Reda.mp3,27.947742
/Volumes/Expansion/PORTFOLIO_FINAL/FRANCAIS/AUTRES/SHAHID Promo Ramadan FRX03.mp3,18.997955
/Volumes/Expansion/PORTFOLIO_FINAL/FRANCAIS/AUTRES/SIPSA & AFRIKAFOOD 25 .mp3,17.58371
/Volumes/Expansion/PORTFOLIO_FINAL/FRANCAIS/AUTRES/SIPSA & Africafood FRX03.mp3,23.546555
/Volumes/Expansion/PORTFOLIO_FINAL/FRANCAIS/AUTRES/SKI FR X03 .mp3,14.523777
/Volumes/Expansion/PORTFOLIO_FINAL/FRANCAIS/AUTRES/SLAM X03.mp3,13.141435
/Volumes/Expansion/PORTFOLIO_FINAL/FRANCAIS/AUTRES/SNSM X02.mp3,5.082244
/Volumes/Expansion/PORTFOLIO_FINAL/FRANCAIS/AUTRES/SPIRIT FR X03.mp3,13.7254715
/Volumes/Expansion/PORTFOLIO_FINAL/FRANCAIS/AUTRES/STIHL FRX03.mp3,13.966252
/Volumes/Expansion/PORTFOLIO_FINAL/FRANCAIS/AUTRES/STÛVE_Fr_Reda.mp3,34.313694
/Volumes/Expansion/PORTFOLIO_FINAL/FRANCAIS/AUTRES/STV-French.mp3,3.1525583
/Volumes/Expansion/PORTFOLIO_FINAL/FRANCAIS/AUTRES/SW23_5572V_Timberwolf_Full_Line_5FRX02.mp3,17.37261
/Volumes/Expansion/PORTFOLIO_FINAL/FRANCAIS/AUTRES/SWIMMING-Fr.mp3,16.063253
/Volumes/Expansion/PORTFOLIO_FINAL/FRANCAIS/AUTRES/Safety Rules ANimation FRX03.mp3,19.505186
/Volumes/Expansion/PORTFOLIO_FINAL/FRANCAIS/AUTRES/Sahel FR X02.mp3,37.22031
/Volumes/Expansion/PORTFOLIO_FINAL/FRANCAIS/AUTRES/Sam FR X03.mp3,48.828026
/Volumes/Expansion/PORTFOLIO_FINAL/FRANCAIS/AUTRES/Samuel-FR 6.mp3,46.50161
/Volumes/Expansion/PORTFOLIO_FINAL/FRANCAIS/AUTRES/Samuel-FR.mp3,30.431194
/Volumes/Expansion/PORTFOLIO_FINAL/FRANCAIS/AUTRES/Samy FR  .mp3,13.513798
/Volumes/Expansion/PORTFOLIO_FINAL/FRANCAIS/AUTRES/Saussecours-Fr.mp3,0.45568368
/Volumes/Expansion/PORTFOLIO_FINAL/FRANCAIS/AUTRES/Sci-Fi_french_Reda.mp3,1.1948085
/Volumes/Expansion/PORTFOLIO_FINAL/FRANCAIS/AUTRES/Script Katmandou Crohn FRX03.mp3,15.350694
/Volumes/Expansion/PORTFOLIO_FINAL/FRANCAIS/AUTRES/Secure Vision FRX03.mp3,28.72382
/Volumes/Expansion/PORTFOLIO_FINAL/FRANCAIS/AUTRES/Securiport.mp3,15.338011
/Volumes/Expansion/PORTFOLIO_FINAL/FRANCAIS/AUTRES/Seismic Enablement Cloud FRX03.mp3,14.497284
/Volumes/Expansion/PORTFOLIO_FINAL/FRANCAIS/AUTRES/Sensolus_Fr_Reda.mp3,17.858576
/Volumes/Expansion/PORTFOLIO_FINAL/FRANCAIS/AUTRES/Sentia FRX03.mp3,10.493119
/Volumes/Expansion/PORTFOLIO_FINAL/FRANCAIS/AUTRES/Shoes_TC event_Fr_Reda.mp3,13.57882
/Volumes/Expansion/PORTFOLIO_FINAL/FRANCAIS/AUTRES/ShopCaisse FRX03.mp3,18.52663
/Volumes/Expansion/PORTFOLIO_FINAL/FRANCAIS/AUTRES/Short Film  FR-FR_Reda.mp3,16.477514
/Volumes/Expansion/PORTFOLIO_FINAL/FRANCAIS/AUTRES/Short Video Intro - French X03.mp3,3.779364
/Volumes/Expansion/PORTFOLIO_FINAL/FRANCAIS/AUTRES/Showcase FR.mp3,4.796183
/Volumes/Expansion/PORTFOLIO_FINAL/FRANCAIS/AUTRES/Showcase FRX04.mp3,41.65982
/Volumes/Expansion/PORTFOLIO_FINAL/FRANCAIS/AUTRES/Sight Product Tesimony 3 FRX02.mp3,32.287045
/Volumes/Expansion/PORTFOLIO_FINAL/FRANCAIS/AUTRES/Skandy & Tharaa07-25 Home Studio First .mp3,6.167192
/Volumes/Expansion/PORTFOLIO_FINAL/FRANCAIS/AUTRES/Skandy 14022025.mp3,26.753098
/Volumes/Expansion/PORTFOLIO_FINAL/FRANCAIS/AUTRES/Skandy 20 11 24.mp3,9.507804
/Volumes/Expansion/PORTFOLIO_FINAL/FRANCAIS/AUTRES/Skandy 2425.mp3,9.235428
/Volumes/Expansion/PORTFOLIO_FINAL/FRANCAIS/AUTRES/Slide 29-Identification des risues d esclavage moderne et de traite d'etre humains .mp3,18.20181
/Volumes/Expansion/PORTFOLIO_FINAL/FRANCAIS/AUTRES/Slide 49 .mp3,26.67537
/Volumes/Expansion/PORTFOLIO_FINAL/FRANCAIS/AUTRES/Slime Blob Le Paresseux FR-Reda .mp3,23.724222
/Volumes/Expansion/PORTFOLIO_FINAL/FRANCAIS/AUTRES/SmartBC FRX03.mp3,10.238349
/Volumes/Expansion/PORTFOLIO_FINAL/FRANCAIS/AUTRES/Snowflake FRX03.mp3,2.2926388
/Volumes/Expansion/PORTFOLIO_FINAL/FRANCAIS/AUTRES/Snowplanner_Fr_Reda.mp3,3.809704
/Volumes/Expansion/PORTFOLIO_FINAL/FRANCAIS/AUTRES/SolaEdge_fr.mp3,20.913023
/Volumes/Expansion/PORTFOLIO_FINAL/FRANCAIS/AUTRES/Solution Collaborateurs FRX03.mp3,12.407424
/Volumes/Expansion/PORTFOLIO_FINAL/FRANCAIS/AUTRES/Sommeik_Fr_reda.mp3,9.119963
/Volumes/Expansion/PORTFOLIO_FINAL/FRANCAIS/AUTRES/Sonnet3 FRX03.mp3,21.940931
/Volumes/Expansion/PORTFOLIO_FINAL/FRANCAIS/AUTRES/Sparkling warter-FR_Reda.mp3,2.5933871
/Volumes/Expansion/PORTFOLIO_FINAL/FRANCAIS/AUTRES/Sport Announcer-Translated FRX02.mp3,39.841892
/Volumes/Expansion/PORTFOLIO_FINAL/FRANCAIS/AUTRES/Spotify Premium_Fr_Reda.mp3,19.457525
/Volumes/Expansion/PORTFOLIO_FINAL/FRANCAIS/AUTRES/Spotify advertising for motorhomes FRX03.mp3,3.6844628
/Volumes/Expansion/PORTFOLIO_FINAL/FRANCAIS/AUTRES/Spotify_Reda.mp3,15.1784
/Volumes/Expansion/PORTFOLIO_FINAL/FRANCAIS/AUTRES/Sprecher (FRA) für audioguide-Projekt  FRX03.mp3,16.370352
/Volumes/Expansion/PORTFOLIO_FINAL/FRANCAIS/AUTRES/Square Fr _Reda .mp3,9.1523
/Volumes/Expansion/PORTFOLIO_FINAL/FRANCAIS/AUTRES/Square Fr _Reda _01.mp3,8.893601
/Volumes/Expansion/PORTFOLIO_FINAL/FRANCAIS/AUTRES/Square Fr _Reda.mp3,20.435957
/Volumes/Expansion/PORTFOLIO_FINAL/FRANCAIS/AUTRES/St Trop FRX03.mp3,35.944546
/Volumes/Expansion/PORTFOLIO_FINAL/FRANCAIS/AUTRES/St-Germain Cocktail Competition X02.mp3,3.5390682
/Volumes/Expansion/PORTFOLIO_FINAL/FRANCAIS/AUTRES/Stan Dubbing FR.mp3,18.310265
/Volumes/Expansion/PORTFOLIO_FINAL/FRANCAIS/AUTRES/Steel Odyssey FRX03.mp3,46.297752
/Volumes/Expansion/PORTFOLIO_FINAL/FRANCAIS/AUTRES/Stormforce FRX02.mp3,21.772255
/Volumes/Expansion/PORTFOLIO_FINAL/FRANCAIS/AUTRES/Submittable-FR X02.mp3,33.536503
/Volumes/Expansion/PORTFOLIO_FINAL/FRANCAIS/AUTRES/Submittable-FR.mp3,33.95869
/Volumes/Expansion/PORTFOLIO_FINAL/FRANCAIS/AUTRES/SunPowerReserve_fr_X04_Reda.mp3,11.008215
/Volumes/Expansion/PORTFOLIO_FINAL/FRANCAIS/AUTRES/Surveyor - French Commandant EN-FR X03.mp3,4.017346
/Volumes/Expansion/PORTFOLIO_FINAL/FRANCAIS/AUTRES/Surveyor - French Commandant X03.mp3,19.949095
/Volumes/Expansion/PORTFOLIO_FINAL/FRANCAIS/AUTRES/Suze'n'go_Fr_Reda.mp3,18.076206
/Volumes/Expansion/PORTFOLIO_FINAL/FRANCAIS/AUTRES/Swiss Fr .mp3,30.031599
/Volumes/Expansion/PORTFOLIO_FINAL/FRANCAIS/AUTRES/Swiss Handicap FRXX.mp3,1.7511548
/Volumes/Expansion/PORTFOLIO_FINAL/FRANCAIS/AUTRES/Swiss Knife FR.mp3,18.539427
/Volumes/Expansion/PORTFOLIO_FINAL/FRANCAIS/AUTRES/SwissAid_Fr_Reda.mp3,8.8570595
/Volumes/Expansion/PORTFOLIO_FINAL/FRANCAIS/AUTRES/Sysco FR X03.mp3,14.762083
/Volumes/Expansion/PORTFOLIO_FINAL/FRANCAIS/AUTRES/T STone FR X03.mp3,7.370786
/Volumes/Expansion/PORTFOLIO_FINAL/FRANCAIS/AUTRES/T11_French_Reda.mp3,4.442827
/Volumes/Expansion/PORTFOLIO_FINAL/FRANCAIS/AUTRES/TAKIS FRX02.mp3,4.3961425
/Volumes/Expansion/PORTFOLIO_FINAL/FRANCAIS/AUTRES/TALECH FRX03.mp3,20.64784
/Volumes/Expansion/PORTFOLIO_FINAL/FRANCAIS/AUTRES/TBS FRX03.mp3,11.052967
/Volumes/Expansion/PORTFOLIO_FINAL/FRANCAIS/AUTRES/TE Capsules-FR_EN.mp3,25.205938
/Volumes/Expansion/PORTFOLIO_FINAL/FRANCAIS/AUTRES/TE Connectivity FRX03.mp3.mp3,32.851704
/Volumes/Expansion/PORTFOLIO_FINAL/FRANCAIS/AUTRES/TE NEWYEAR FRmp3.mp3,10.737957
/Volumes/Expansion/PORTFOLIO_FINAL/FRANCAIS/AUTRES/TEASER - VILLAGE ITINÉRANT.mp3,10.579109
/Volumes/Expansion/PORTFOLIO_FINAL/FRANCAIS/AUTRES/THALES DIS_Fr_Reda.mp3,3.75978
/Volumes/Expansion/PORTFOLIO_FINAL/FRANCAIS/AUTRES/THALSDP.mp3,48.684246
/Volumes/Expansion/PORTFOLIO_FINAL/FRANCAIS/AUTRES/THaraa 2425.mp3,11.075258
/Volumes/Expansion/PORTFOLIO_FINAL/FRANCAIS/AUTRES/TNH FRX03.mp3,8.344765
/Volumes/Expansion/PORTFOLIO_FINAL/FRANCAIS/AUTRES/TRI FR.mp3,9.779095
/Volumes/Expansion/PORTFOLIO_FINAL/FRANCAIS/AUTRES/TRIBAY FRX03.mp3,9.533237
/Volumes/Expansion/PORTFOLIO_FINAL/FRANCAIS/AUTRES/TTP-FR.mp3,26.096207
/Volumes/Expansion/PORTFOLIO_FINAL/FRANCAIS/AUTRES/TTS  FRX02.mp3,14.868313
/Volumes/Expansion/PORTFOLIO_FINAL/FRANCAIS/AUTRES/TTS FR 9hours.mp3,7.8756614
/Volumes/Expansion/PORTFOLIO_FINAL/FRANCAIS/AUTRES/TTS FR Meteo FRX02.mp3,12.641818
/Volumes/Expansion/PORTFOLIO_FINAL/FRANCAIS/AUTRES/TTS FR.mp3,16.656805
/Volumes/Expansion/PORTFOLIO_FINAL/FRANCAIS/AUTRES/TTS FRENCH.mp3,22.438696
/Volumes/Expansion/PORTFOLIO_FINAL/FRANCAIS/AUTRES/TTS French Male -La Petite Souris.mp3,25.691689
/Volumes/Expansion/PORTFOLIO_FINAL/FRANCAIS/AUTRES/TTS Research Project - French.mp3,66.81549
/Volumes/Expansion/PORTFOLIO_FINAL/FRANCAIS/AUTRES/TV FRX04.mp3,9.165053
/Volumes/Expansion/PORTFOLIO_FINAL/FRANCAIS/AUTRES/Tadaa X 03.mp3,23.824814
/Volumes/Expansion/PORTFOLIO_FINAL/FRANCAIS/AUTRES/Tadaa.mp3,8.5813875
/Volumes/Expansion/PORTFOLIO_FINAL/FRANCAIS/AUTRES/Tangerine 5 ways FR (Male) X02.mp3,45.77086
/Volumes/Expansion/PORTFOLIO_FINAL/FRANCAIS/AUTRES/Teaser ExpéDICtion FRXX.mp3,13.949528
/Volumes/Expansion/PORTFOLIO_FINAL/FRANCAIS/AUTRES/Teaser FRX03.mp3,9.913406
/Volumes/Expansion/PORTFOLIO_FINAL/FRANCAIS/AUTRES/Teaser Fr X04.mp3,1.8858088
/Volumes/Expansion/PORTFOLIO_FINAL/FRANCAIS/AUTRES/Teaser Sustainable construction event-Fr_Reda.mp3,11.113082
/Volumes/Expansion/PORTFOLIO_FINAL/FRANCAIS/AUTRES/Teaser-Mise au vert FRX04.mp3,17.38768
/Volumes/Expansion/PORTFOLIO_FINAL/FRANCAIS/AUTRES/Tennis.mp3,18.48623
/Volumes/Expansion/PORTFOLIO_FINAL/FRANCAIS/AUTRES/Terra Mosella FRX02.mp3,21.066454
/Volumes/Expansion/PORTFOLIO_FINAL/FRANCAIS/AUTRES/Terra Mosella FRX03.mp3,26.803717
/Volumes/Expansion/PORTFOLIO_FINAL/FRANCAIS/AUTRES/Testimony 5 FRX02.mp3,36.90605
/Volumes/Expansion/PORTFOLIO_FINAL/FRANCAIS/AUTRES/Thales_CP_FR.mp3,33.713303
/Volumes/Expansion/PORTFOLIO_FINAL/FRANCAIS/AUTRES/Tharaa Meskina.mp3,11.140579
/Volumes/Expansion/PORTFOLIO_FINAL/FRANCAIS/AUTRES/Tharaa14022025.mp3,20.421717
/Volumes/Expansion/PORTFOLIO_FINAL/FRANCAIS/AUTRES/Thats Supermarche FR X02.mp3,21.317698
/Volumes/Expansion/PORTFOLIO_FINAL/FRANCAIS/AUTRES/The HEAVEN_V2- FRX03.mp3,9.459413
/Volumes/Expansion/PORTFOLIO_FINAL/FRANCAIS/AUTRES/Thermo-FR.mp3,42.755676
/Volumes/Expansion/PORTFOLIO_FINAL/FRANCAIS/AUTRES/Think Smartgrid-Fr.mp3,23.04423
/Volumes/Expansion/PORTFOLIO_FINAL/FRANCAIS/AUTRES/TiMart-Fr.mp3,8.2083
/Volumes/Expansion/PORTFOLIO_FINAL/FRANCAIS/AUTRES/TikText FR-1.mp3,16.47625
/Volumes/Expansion/PORTFOLIO_FINAL/FRANCAIS/AUTRES/TikText FR-2.mp3,10.987812
/Volumes/Expansion/PORTFOLIO_FINAL/FRANCAIS/AUTRES/TikText FR-3.mp3,32.154858
/Volumes/Expansion/PORTFOLIO_FINAL/FRANCAIS/AUTRES/TikText FR-4.mp3,8.389965
/Volumes/Expansion/PORTFOLIO_FINAL/FRANCAIS/AUTRES/TikText FR-5.mp3,13.231202
/Volumes/Expansion/PORTFOLIO_FINAL/FRANCAIS/AUTRES/TikText FR-6.mp3,35.25275
/Volumes/Expansion/PORTFOLIO_FINAL/FRANCAIS/AUTRES/Tiliti.mp3,23.669043
/Volumes/Expansion/PORTFOLIO_FINAL/FRANCAIS/AUTRES/Timberland Pro FRX03 .mp3,25.154215
/Volumes/Expansion/PORTFOLIO_FINAL/FRANCAIS/AUTRES/Togocom 5G FRX03.mp3,18.449072
/Volumes/Expansion/PORTFOLIO_FINAL/FRANCAIS/AUTRES/Totalenergies_Fr_reda.mp3,29.09209
/Volumes/Expansion/PORTFOLIO_FINAL/FRANCAIS/AUTRES/Totem Cybersecurité FRX02.mp3,3.3843417
/Volumes/Expansion/PORTFOLIO_FINAL/FRANCAIS/AUTRES/Tourism Award Show VO-FR.mp3,52.192394
/Volumes/Expansion/PORTFOLIO_FINAL/FRANCAIS/AUTRES/Trailer Like FRX03.mp3,20.428759
/Volumes/Expansion/PORTFOLIO_FINAL/FRANCAIS/AUTRES/Trois Prime .mp3,35.705994
/Volumes/Expansion/PORTFOLIO_FINAL/FRANCAIS/AUTRES/Trust Index MANAGER FRX04 .mp3,27.840775
/Volumes/Expansion/PORTFOLIO_FINAL/FRANCAIS/AUTRES/Tudor FR .mp3,21.637938
/Volumes/Expansion/PORTFOLIO_FINAL/FRANCAIS/AUTRES/Tuto Chauffeur-Fr.mp3,9.2445345
/Volumes/Expansion/PORTFOLIO_FINAL/FRANCAIS/AUTRES/Tuto Kit Solaire_Reda.mp3,7.7246423
/Volumes/Expansion/PORTFOLIO_FINAL/FRANCAIS/AUTRES/Tuto Parquet FR .mp3,12.308335
/Volumes/Expansion/PORTFOLIO_FINAL/FRANCAIS/AUTRES/Tutorial Video -French .mp3,15.324361
/Volumes/Expansion/PORTFOLIO_FINAL/FRANCAIS/AUTRES/Tutorial _French.mp3,26.890072
/Volumes/Expansion/PORTFOLIO_FINAL/FRANCAIS/AUTRES/Tutoriel - Duo vidéo motion. X03.mp3,37.16503
/Volumes/Expansion/PORTFOLIO_FINAL/FRANCAIS/AUTRES/URGO-FR.mp3,7.484793
/Volumes/Expansion/PORTFOLIO_FINAL/FRANCAIS/AUTRES/UV FR X03.mp3,16.03775
/Volumes/Expansion/PORTFOLIO_FINAL/FRANCAIS/AUTRES/Uber-FrenchEU_Reda.mp3,21.374996
/Volumes/Expansion/PORTFOLIO_FINAL/FRANCAIS/AUTRES/Unbox-FR.mp3,42.302063
/Volumes/Expansion/PORTFOLIO_FINAL/FRANCAIS/AUTRES/University B .mp3,26.087221
/Volumes/Expansion/PORTFOLIO_FINAL/FRANCAIS/AUTRES/University Promo FRX03.mp3,23.2388
/Volumes/Expansion/PORTFOLIO_FINAL/FRANCAIS/AUTRES/VAlmont-Fr.mp3,21.59628
/Volumes/Expansion/PORTFOLIO_FINAL/FRANCAIS/AUTRES/VO 4min.mp3,29.531166
/Volumes/Expansion/PORTFOLIO_FINAL/FRANCAIS/AUTRES/VO FR Montblanc Explorer Extreme X03.mp3,12.981383
/Volumes/Expansion/PORTFOLIO_FINAL/FRANCAIS/AUTRES/VO Instit_Fr_Reda.mp3,6.6830177
/Volumes/Expansion/PORTFOLIO_FINAL/FRANCAIS/AUTRES/VO Teaser_Fr_Reda.mp3,14.614283
/Volumes/Expansion/PORTFOLIO_FINAL/FRANCAIS/AUTRES/VOLTALIS FRX03.mp3,16.378063
/Volumes/Expansion/PORTFOLIO_FINAL/FRANCAIS/AUTRES/VPD-548 FR Male.mp3,7.2171535
/Volumes/Expansion/PORTFOLIO_FINAL/FRANCAIS/AUTRES/VR Museum FRX03.mp3,30.813738
/Volumes/Expansion/PORTFOLIO_FINAL/FRANCAIS/AUTRES/VR Training  French_Reda.mp3,2.084454
/Volumes/Expansion/PORTFOLIO_FINAL/FRANCAIS/AUTRES/VR-SCENE 4-Medecin.mp3,22.404158
/Volumes/Expansion/PORTFOLIO_FINAL/FRANCAIS/AUTRES/Valmont_MAEL_VoiceOver.mp3,13.972186
/Volumes/Expansion/PORTFOLIO_FINAL/FRANCAIS/AUTRES/Vansichen Linear Technology - FR X03.mp3,23.234848
/Volumes/Expansion/PORTFOLIO_FINAL/FRANCAIS/AUTRES/Vercingetorix FRX03.mp3,1.8251011
/Volumes/Expansion/PORTFOLIO_FINAL/FRANCAIS/AUTRES/VertiBlock_Fr_Reda.mp3,4.6713924
/Volumes/Expansion/PORTFOLIO_FINAL/FRANCAIS/AUTRES/Verzol Febrilex FRX03.mp3,13.872307
/Volumes/Expansion/PORTFOLIO_FINAL/FRANCAIS/AUTRES/Vice.com FRX03.mp3,14.787376
/Volumes/Expansion/PORTFOLIO_FINAL/FRANCAIS/AUTRES/Video Explainer-French_Reda.mp3,12.6939125
/Volumes/Expansion/PORTFOLIO_FINAL/FRANCAIS/AUTRES/Vidéo Bilan-FR.mp3,31.105774
/Volumes/Expansion/PORTFOLIO_FINAL/FRANCAIS/AUTRES/Vidéo Climar_Fr_Reda.mp3,15.936291
/Volumes/Expansion/PORTFOLIO_FINAL/FRANCAIS/AUTRES/Vidéo FRX02 présentation caméra surveillance de piscines.mp3,41.737743
/Volumes/Expansion/PORTFOLIO_FINAL/FRANCAIS/AUTRES/Vidéo Méthologie UX Design FRX03.mp3,17.67163
/Volumes/Expansion/PORTFOLIO_FINAL/FRANCAIS/AUTRES/Vidéo Promotionelle Fermes Agri Solaire FRX03.mp3,14.023243
/Volumes/Expansion/PORTFOLIO_FINAL/FRANCAIS/AUTRES/Vidéo sensibilisation des problèmes de santé.mp3,45.646076
/Volumes/Expansion/PORTFOLIO_FINAL/FRANCAIS/AUTRES/Vigilants pour eux FRX03.mp3,21.214098
/Volumes/Expansion/PORTFOLIO_FINAL/FRANCAIS/AUTRES/Viiral Digit Ad-EN FR .mp3,51.816814
/Volumes/Expansion/PORTFOLIO_FINAL/FRANCAIS/AUTRES/Vinci Trim.mp3,4.2687755
/Volumes/Expansion/PORTFOLIO_FINAL/FRANCAIS/AUTRES/Vinci Trimestres_Reda.mp3,44.00541
/Volumes/Expansion/PORTFOLIO_FINAL/FRANCAIS/AUTRES/Vinted Tiktok FR.mp3,11.233447
/Volumes/Expansion/PORTFOLIO_FINAL/FRANCAIS/AUTRES/Vivant FRX03.mp3,8.081602
/Volumes/Expansion/PORTFOLIO_FINAL/FRANCAIS/AUTRES/Voice of Customer - New Version in French - Male VO.mp3,24.11482
/Volumes/Expansion/PORTFOLIO_FINAL/FRANCAIS/AUTRES/Voice of Customer - New Version in French - Male VOX02.mp3,43.770794
/Volumes/Expansion/PORTFOLIO_FINAL/FRANCAIS/AUTRES/Voicemail Boite vocale FRX03.mp3,13.548961
/Volumes/Expansion/PORTFOLIO_FINAL/FRANCAIS/AUTRES/Voicemail Monamour FRX03.mp3,12.902064
/Volumes/Expansion/PORTFOLIO_FINAL/FRANCAIS/AUTRES/Voix off Vignoble. FRX03mp3.mp3,3.86822
/Volumes/Expansion/PORTFOLIO_FINAL/FRANCAIS/AUTRES/Voix-Off La MACIF_Reda .mp3,27.862162
/Volumes/Expansion/PORTFOLIO_FINAL/FRANCAIS/AUTRES/Voix-Off La MACIF_Reda.mp3,12.965561
/Volumes/Expansion/PORTFOLIO_FINAL/FRANCAIS/AUTRES/Volcan FRX02.mp3,12.708153
/Volumes/Expansion/PORTFOLIO_FINAL/FRANCAIS/AUTRES/Vorwerk FRX02.mp3,15.282927
/Volumes/Expansion/PORTFOLIO_FINAL/FRANCAIS/AUTRES/WC FR X03.mp3,4.0090284
/Volumes/Expansion/PORTFOLIO_FINAL/FRANCAIS/AUTRES/WEEX_Fr_Reda.mp3,3.533645
/Volumes/Expansion/PORTFOLIO_FINAL/FRANCAIS/AUTRES/WELEDA-DOMILA.mp3LBX004 Native French voice actors Only (AI).mp3,62.618835
/Volumes/Expansion/PORTFOLIO_FINAL/FRANCAIS/AUTRES/WINGRAVE -Reda Reda 2 tks .mp3,17.43175
/Volumes/Expansion/PORTFOLIO_FINAL/FRANCAIS/AUTRES/WINGRAVE -Reda Reda 2 tks.mp3,4.511747
/Volumes/Expansion/PORTFOLIO_FINAL/FRANCAIS/AUTRES/WOD Campaign Jan 2025 [French Speaking] X03.mp3,12.472706
/Volumes/Expansion/PORTFOLIO_FINAL/FRANCAIS/AUTRES/Walter France FRX02.mp3,17.874012
/Volumes/Expansion/PORTFOLIO_FINAL/FRANCAIS/AUTRES/Warden Keen FRX03.mp3,2.5412593
/Volumes/Expansion/PORTFOLIO_FINAL/FRANCAIS/AUTRES/Washtower-Fr.mp3,34.05585
/Volumes/Expansion/PORTFOLIO_FINAL/FRANCAIS/AUTRES/WebchuchoteConnect_Fr_Reda.mp3,15.743321
/Volumes/Expansion/PORTFOLIO_FINAL/FRANCAIS/AUTRES/Who Are We FRX03.mp3,8.559905
/Volumes/Expansion/PORTFOLIO_FINAL/FRANCAIS/AUTRES/Why Fit - French (EMEA) FRX03.mp3,24.898916
/Volumes/Expansion/PORTFOLIO_FINAL/FRANCAIS/AUTRES/Winston FRX03.mp3,14.531263
/Volumes/Expansion/PORTFOLIO_FINAL/FRANCAIS/AUTRES/Worklife Real-FRX02.mp3,32.171055
/Volumes/Expansion/PORTFOLIO_FINAL/FRANCAIS/AUTRES/Worklife Straight X02.mp3,14.327364
/Volumes/Expansion/PORTFOLIO_FINAL/FRANCAIS/AUTRES/XXX FR DUB.mp3,10.028305
/Volumes/Expansion/PORTFOLIO_FINAL/FRANCAIS/AUTRES/YTB NFL FRX03.mp3,47.627415
/Volumes/Expansion/PORTFOLIO_FINAL/FRANCAIS/AUTRES/Yaqeen Dub FR X02.mp3,56.393677
/Volumes/Expansion/PORTFOLIO_FINAL/FRANCAIS/AUTRES/Yogurt  FRX04.mp3,1.1277595
/Volumes/Expansion/PORTFOLIO_FINAL/FRANCAIS/AUTRES/Young Testimonial_Fr.mp3,53.97552
/Volumes/Expansion/PORTFOLIO_FINAL/FRANCAIS/AUTRES/Young Testimonial_Fr_01.mp3,40.204273
/Volumes/Expansion/PORTFOLIO_FINAL/FRANCAIS/AUTRES/Youthful French_Reda.mp3,10.432125
/Volumes/Expansion/PORTFOLIO_FINAL/FRANCAIS/AUTRES/ZMC55-FR_Reda.mp3,19.995787
/Volumes/Expansion/PORTFOLIO_FINAL/FRANCAIS/AUTRES/Zoo FRX03 .mp3,22.59926
/Volumes/Expansion/PORTFOLIO_FINAL/FRANCAIS/AUTRES/Zoo Texte_Fr_Reda.mp3,4.5171976
/Volumes/Expansion/PORTFOLIO_FINAL/FRANCAIS/AUTRES/ad video translation.mp3,2.1846886
/Volumes/Expansion/PORTFOLIO_FINAL/FRANCAIS/AUTRES/arabic-French Narration _Reda_01.mp3,33.616314
/Volumes/Expansion/PORTFOLIO_FINAL/FRANCAIS/AUTRES/camus_En-Fr_Reda.mp3,0.0
/Volumes/Expansion/PORTFOLIO_FINAL/FRANCAIS/AUTRES/children’s bedtime stories French X03.mp3,25.422285
/Volumes/Expansion/PORTFOLIO_FINAL/FRANCAIS/AUTRES/children’s bedtime stories French.mp3,25.30723
/Volumes/Expansion/PORTFOLIO_FINAL/FRANCAIS/AUTRES/delay FRX03 .mp3,21.194733
/Volumes/Expansion/PORTFOLIO_FINAL/FRANCAIS/AUTRES/draft Fr.mp3,33.29593
/Volumes/Expansion/PORTFOLIO_FINAL/FRANCAIS/AUTRES/e.mp3,6.9206705
/Volumes/Expansion/PORTFOLIO_FINAL/FRANCAIS/AUTRES/education animation - french.mp3,30.84995
/Volumes/Expansion/PORTFOLIO_FINAL/FRANCAIS/AUTRES/ferme porte .mp3,28.118813
/Volumes/Expansion/PORTFOLIO_FINAL/FRANCAIS/AUTRES/iFixit FRX03.mp3,15.25709
/Volumes/Expansion/PORTFOLIO_FINAL/FRANCAIS/AUTRES/iLOQ-FR_Reda.mp3,5.145167
/Volumes/Expansion/PORTFOLIO_FINAL/FRANCAIS/AUTRES/m2A FRX03.mp3,35.606102
/Volumes/Expansion/PORTFOLIO_FINAL/FRANCAIS/AUTRES/male frenh vo_Red.mp3,0.3532129
/Volumes/Expansion/PORTFOLIO_FINAL/FRANCAIS/AUTRES/male frenh vo_Reda.mp3,9.512338
/Volumes/Expansion/PORTFOLIO_FINAL/FRANCAIS/AUTRES/palapala.mp3,7.025913
/Volumes/Expansion/PORTFOLIO_FINAL/FRANCAIS/AUTRES/pecheurs et poissons .mp3,10.182387
/Volumes/Expansion/PORTFOLIO_FINAL/FRANCAIS/AUTRES/pro inspi-Fr.mp3,21.678951
/Volumes/Expansion/PORTFOLIO_FINAL/FRANCAIS/AUTRES/re.mp3,9.457241
/Volumes/Expansion/PORTFOLIO_FINAL/FRANCAIS/AUTRES/roi.mp3,8.536821
/Volumes/Expansion/PORTFOLIO_FINAL/FRANCAIS/AUTRES/stellantisandyou FRXX.mp3,15.222908
/Volumes/Expansion/PORTFOLIO_FINAL/FRANCAIS/AUTRES/sultan fRX03.mp3,34.23053
/Volumes/Expansion/PORTFOLIO_FINAL/FRANCAIS/AUTRES/tagline_Fr_Reda.mp3,2.07401
/Volumes/Expansion/PORTFOLIO_FINAL/FRANCAIS/AUTRES/teaser tracteur_Reda.mp3,24.58863
/Volumes/Expansion/PORTFOLIO_FINAL/FRANCAIS/AUTRES/test.mp3,8.867709
/Volumes/Expansion/PORTFOLIO_FINAL/FRANCAIS/AUTRES/train announcement-Fr_Reda.mp3,0.79013485
/Volumes/Expansion/PORTFOLIO_FINAL/FRANCAIS/AUTRES/training videos-French_Reda.mp3,17.093006
/Volumes/Expansion/PORTFOLIO_FINAL/FRANCAIS/AUTRES/velo app FR.mp3,7.050053
/Volumes/Expansion/PORTFOLIO_FINAL/FRANCAIS/AUTRES/vidéo Promo _Reda.mp3,48.991917
/Volumes/Expansion/PORTFOLIO_FINAL/FRANCAIS/AUTRES/xyz_Fr_Reda.mp3,2.30768
/Volumes/Expansion/PORTFOLIO_FINAL/FRANCAIS/AUTRES/إعالن الضيف الفرنسي ARX03 FRX03.mp3,32.11993
"/Volumes/Expansion/PORTFOLIO_FINAL/FRANCAIS/ELEARNING_CORPO/
CRYOSTAR - CULTURE D'ENTREPRISE_Reda.mp3",18.929659
/Volumes/Expansion/PORTFOLIO_FINAL/FRANCAIS/ELEARNING_CORPO/1 sans titre_01.mp3,27.976889
"/Volumes/Expansion/PORTFOLIO_FINAL/FRANCAIS/ELEARNING_CORPO/10 second video introduction opener
.mp3",1.5387009
/Volumes/Expansion/PORTFOLIO_FINAL/FRANCAIS/ELEARNING_CORPO/18V system French_Reda.mp3,12.068146
"/Volumes/Expansion/PORTFOLIO_FINAL/FRANCAIS/ELEARNING_CORPO/90 Second Animation Voiceover Explainer FRX03
.mp3",14.749178
/Volumes/Expansion/PORTFOLIO_FINAL/FRANCAIS/ELEARNING_CORPO/ADEP FRX03.mp3,9.557124
/Volumes/Expansion/PORTFOLIO_FINAL/FRANCAIS/ELEARNING_CORPO/ADF Milking FRX02.mp3,28.286926
/Volumes/Expansion/PORTFOLIO_FINAL/FRANCAIS/ELEARNING_CORPO/AFFINITY - La Chapelle - PRJ-17524.mp3,12.578953
/Volumes/Expansion/PORTFOLIO_FINAL/FRANCAIS/ELEARNING_CORPO/AIV3964 - Voice Cloning - France French.mp3,13.283511
/Volumes/Expansion/PORTFOLIO_FINAL/FRANCAIS/ELEARNING_CORPO/AM7000 Sportscaster - TTS Research - French (France).mp3,9.979687
/Volumes/Expansion/PORTFOLIO_FINAL/FRANCAIS/ELEARNING_CORPO/AMEX FRX03.mp3,4.145864
/Volumes/Expansion/PORTFOLIO_FINAL/FRANCAIS/ELEARNING_CORPO/AOP Disclaimer-FR.mp3,22.756067
/Volumes/Expansion/PORTFOLIO_FINAL/FRANCAIS/ELEARNING_CORPO/ASSURMED-Fr.mp3,29.2295
/Volumes/Expansion/PORTFOLIO_FINAL/FRANCAIS/ELEARNING_CORPO/Accidents W-Fr.mp3,27.099861
/Volumes/Expansion/PORTFOLIO_FINAL/FRANCAIS/ELEARNING_CORPO/Ad Dubb FRX03.mp3,3.8049223
/Volumes/Expansion/PORTFOLIO_FINAL/FRANCAIS/ELEARNING_CORPO/Alex -Privileged Acess  VA.mp3,17.004082
/Volumes/Expansion/PORTFOLIO_FINAL/FRANCAIS/ELEARNING_CORPO/Alex .mp3,2.2230256
/Volumes/Expansion/PORTFOLIO_FINAL/FRANCAIS/ELEARNING_CORPO/Alex 2 - FR.mp3,16.642256
/Volumes/Expansion/PORTFOLIO_FINAL/FRANCAIS/ELEARNING_CORPO/Alex 2 .mp3,7.874995
/Volumes/Expansion/PORTFOLIO_FINAL/FRANCAIS/ELEARNING_CORPO/Alex 3.mp3,21.584028
/Volumes/Expansion/PORTFOLIO_FINAL/FRANCAIS/ELEARNING_CORPO/Alex FRX03.mp3,24.16921
/Volumes/Expansion/PORTFOLIO_FINAL/FRANCAIS/ELEARNING_CORPO/Alex Impersonation  VA.mp3,20.319233
/Volumes/Expansion/PORTFOLIO_FINAL/FRANCAIS/ELEARNING_CORPO/Alex Impersonation  VB.mp3,40.326416
/Volumes/Expansion/PORTFOLIO_FINAL/FRANCAIS/ELEARNING_CORPO/Alex Privileged Acess  VE.mp3,44.758633
/Volumes/Expansion/PORTFOLIO_FINAL/FRANCAIS/ELEARNING_CORPO/Alex Privileged Acess VB .mp3,16.359097
/Volumes/Expansion/PORTFOLIO_FINAL/FRANCAIS/ELEARNING_CORPO/Alex4.mp3,30.150934
/Volumes/Expansion/PORTFOLIO_FINAL/FRANCAIS/ELEARNING_CORPO/Alliance Environnement.mp3,10.750525
/Volumes/Expansion/PORTFOLIO_FINAL/FRANCAIS/ELEARNING_CORPO/Analyse de Genre FRX02.mp3,9.554098
/Volumes/Expansion/PORTFOLIO_FINAL/FRANCAIS/ELEARNING_CORPO/AnimAvatar FRX02.mp3,19.157719
"/Volumes/Expansion/PORTFOLIO_FINAL/FRANCAIS/ELEARNING_CORPO/Animated Clip for Speech Graphics (French, male)
.mp3",13.997819
/Volumes/Expansion/PORTFOLIO_FINAL/FRANCAIS/ELEARNING_CORPO/Arpége FRX03.mp3,25.117401
/Volumes/Expansion/PORTFOLIO_FINAL/FRANCAIS/ELEARNING_CORPO/Audi Moncton_Fr_Reda.mp3,11.211891
/Volumes/Expansion/PORTFOLIO_FINAL/FRANCAIS/ELEARNING_CORPO/Augmentain_Fr_Reda.mp3,27.713652
/Volumes/Expansion/PORTFOLIO_FINAL/FRANCAIS/ELEARNING_CORPO/Avesco FRX03.mp3,7.688317
/Volumes/Expansion/PORTFOLIO_FINAL/FRANCAIS/ELEARNING_CORPO/BAD FR .mp3,20.742954
/Volumes/Expansion/PORTFOLIO_FINAL/FRANCAIS/ELEARNING_CORPO/BCL6.mp3,19.716787
/Volumes/Expansion/PORTFOLIO_FINAL/FRANCAIS/ELEARNING_CORPO/BDF_X02.mp3,13.917891
/Volumes/Expansion/PORTFOLIO_FINAL/FRANCAIS/ELEARNING_CORPO/BFT-FR.mp3,10.005165
/Volumes/Expansion/PORTFOLIO_FINAL/FRANCAIS/ELEARNING_CORPO/BI FR .mp3,25.493757
/Volumes/Expansion/PORTFOLIO_FINAL/FRANCAIS/ELEARNING_CORPO/BLT - MOTION GRAPHIC DOCUMENTARY - FRENCH VOICE.mp3,13.637675
/Volumes/Expansion/PORTFOLIO_FINAL/FRANCAIS/ELEARNING_CORPO/Banque Des Flux_X02_Reda.mp3,12.522864
/Volumes/Expansion/PORTFOLIO_FINAL/FRANCAIS/ELEARNING_CORPO/Baobab_Fr_Reda.mp3,7.6791344
/Volumes/Expansion/PORTFOLIO_FINAL/FRANCAIS/ELEARNING_CORPO/Bastide MedicalX2_Fr_Reda.mp3,8.191599
/Volumes/Expansion/PORTFOLIO_FINAL/FRANCAIS/ELEARNING_CORPO/BdF_01.mp3,27.976889
/Volumes/Expansion/PORTFOLIO_FINAL/FRANCAIS/ELEARNING_CORPO/Belgium TV + Web Campaign FR.mp3,9.829719
/Volumes/Expansion/PORTFOLIO_FINAL/FRANCAIS/ELEARNING_CORPO/Belgium TV + Web Campaign FR_01.mp3,8.462751
/Volumes/Expansion/PORTFOLIO_FINAL/FRANCAIS/ELEARNING_CORPO/Bienvenue à Solesmes-Audioguide FRX02.mp3,11.604782
/Volumes/Expansion/PORTFOLIO_FINAL/FRANCAIS/ELEARNING_CORPO/Biodevristy FRX03.mp3,17.672466
/Volumes/Expansion/PORTFOLIO_FINAL/FRANCAIS/ELEARNING_CORPO/Bonus-FR.mp3,26.808685
/Volumes/Expansion/PORTFOLIO_FINAL/FRANCAIS/ELEARNING_CORPO/Boulanger .mp3,16.468296
/Volumes/Expansion/PORTFOLIO_FINAL/FRANCAIS/ELEARNING_CORPO/Boviteq FRX03.mp3,14.466968
/Volumes/Expansion/PORTFOLIO_FINAL/FRANCAIS/ELEARNING_CORPO/Brainopolis FR.mp3,3.1984828
/Volumes/Expansion/PORTFOLIO_FINAL/FRANCAIS/ELEARNING_CORPO/Brand Video-Fr_Reda.mp3,13.095917
/Volumes/Expansion/PORTFOLIO_FINAL/FRANCAIS/ELEARNING_CORPO/Brevo-FR.mp3,11.105806
/Volumes/Expansion/PORTFOLIO_FINAL/FRANCAIS/ELEARNING_CORPO/Broker FRX03.mp3,45.536777
/Volumes/Expansion/PORTFOLIO_FINAL/FRANCAIS/ELEARNING_CORPO/Burfelt Audioguide FRX03.mp3,12.530109
/Volumes/Expansion/PORTFOLIO_FINAL/FRANCAIS/ELEARNING_CORPO/Buzz FRX03.mp3,14.912013
/Volumes/Expansion/PORTFOLIO_FINAL/FRANCAIS/ELEARNING_CORPO/CA Internet Awareness-Fr.mp3,17.264965
/Volumes/Expansion/PORTFOLIO_FINAL/FRANCAIS/ELEARNING_CORPO/CAT Central FRX03.mp3,26.826813
/Volumes/Expansion/PORTFOLIO_FINAL/FRANCAIS/ELEARNING_CORPO/CC - August 2025 Agent B French.mp3,15.408364
/Volumes/Expansion/PORTFOLIO_FINAL/FRANCAIS/ELEARNING_CORPO/CDD-Conflits d'interets FRX03.mp3,15.992612
/Volumes/Expansion/PORTFOLIO_FINAL/FRANCAIS/ELEARNING_CORPO/CIBC - ESG 2025 Video FRX03.mp3,21.627836
/Volumes/Expansion/PORTFOLIO_FINAL/FRANCAIS/ELEARNING_CORPO/CM Gmbh-FR.mp3,5.194736
/Volumes/Expansion/PORTFOLIO_FINAL/FRANCAIS/ELEARNING_CORPO/COMPAS FRX03.mp3,18.08882
/Volumes/Expansion/PORTFOLIO_FINAL/FRANCAIS/ELEARNING_CORPO/COSIDER Carriere FR.mp3,11.790696
/Volumes/Expansion/PORTFOLIO_FINAL/FRANCAIS/ELEARNING_CORPO/COSTAR FRX02.mp3,13.978061
/Volumes/Expansion/PORTFOLIO_FINAL/FRANCAIS/ELEARNING_CORPO/COSTAR FRX03.mp3,15.428634
/Volumes/Expansion/PORTFOLIO_FINAL/FRANCAIS/ELEARNING_CORPO/CRYOSTAR - CULTURE D'ENTREPRISE_Reda.mp3,51.470844
/Volumes/Expansion/PORTFOLIO_FINAL/FRANCAIS/ELEARNING_CORPO/CST FRX02.mp3,43.760525
/Volumes/Expansion/PORTFOLIO_FINAL/FRANCAIS/ELEARNING_CORPO/Caisse_Fr_Reda.mp3,29.662865
/Volumes/Expansion/PORTFOLIO_FINAL/FRANCAIS/ELEARNING_CORPO/Capsules interviews metiers_Reda.mp3,6.5358357
/Volumes/Expansion/PORTFOLIO_FINAL/FRANCAIS/ELEARNING_CORPO/Carnaval de Maîche FRX03.mp3,5.1991296
/Volumes/Expansion/PORTFOLIO_FINAL/FRANCAIS/ELEARNING_CORPO/Charlie-Fr_Reda.mp3,15.433637
/Volumes/Expansion/PORTFOLIO_FINAL/FRANCAIS/ELEARNING_CORPO/Christelle FRX03.mp3,36.180283
/Volumes/Expansion/PORTFOLIO_FINAL/FRANCAIS/ELEARNING_CORPO/Chryso  FR XX .mp3,11.274593
/Volumes/Expansion/PORTFOLIO_FINAL/FRANCAIS/ELEARNING_CORPO/Club Pro Hemea .mp3,3.1605692
/Volumes/Expansion/PORTFOLIO_FINAL/FRANCAIS/ELEARNING_CORPO/Club Pro Hemea.mp3,3.837834
/Volumes/Expansion/PORTFOLIO_FINAL/FRANCAIS/ELEARNING_CORPO/Confirmation 2 FRX02.mp3,22.253275
/Volumes/Expansion/PORTFOLIO_FINAL/FRANCAIS/ELEARNING_CORPO/Corpo AF_X03_Fr_Reda.mp3,17.950323
/Volumes/Expansion/PORTFOLIO_FINAL/FRANCAIS/ELEARNING_CORPO/Corporate Recruiting FR XX.mp3,11.773043
/Volumes/Expansion/PORTFOLIO_FINAL/FRANCAIS/ELEARNING_CORPO/Corporate Voice Over - Job #8672.mp3,8.51284
/Volumes/Expansion/PORTFOLIO_FINAL/FRANCAIS/ELEARNING_CORPO/Customer Onboarding-FR EU.mp3,0.8232685
/Volumes/Expansion/PORTFOLIO_FINAL/FRANCAIS/ELEARNING_CORPO/Customer Service Phone Message FR X03.mp3,21.390303
/Volumes/Expansion/PORTFOLIO_FINAL/FRANCAIS/ELEARNING_CORPO/Cyber Education Online Training_French.mp3,18.954784
/Volumes/Expansion/PORTFOLIO_FINAL/FRANCAIS/ELEARNING_CORPO/D-Carbonize FRX03.mp3,17.899948
/Volumes/Expansion/PORTFOLIO_FINAL/FRANCAIS/ELEARNING_CORPO/Demo FR- Commercial-Corporate-elearning.mp3,7.0010567
/Volumes/Expansion/PORTFOLIO_FINAL/FRANCAIS/ELEARNING_CORPO/Demo FR-Corpo.mp3,17.010822
/Volumes/Expansion/PORTFOLIO_FINAL/FRANCAIS/ELEARNING_CORPO/Démo Commerciale Reda .mp3,28.307064
/Volumes/Expansion/PORTFOLIO_FINAL/FRANCAIS/ELEARNING_CORPO/Déontologie Code FRX03.mp3,14.907693
/Volumes/Expansion/PORTFOLIO_FINAL/FRANCAIS/ELEARNING_CORPO/Double Seven FRX03.mp3,2.3142564
/Volumes/Expansion/PORTFOLIO_FINAL/FRANCAIS/ELEARNING_CORPO/Dubbing wellbeing modules - Male X02.mp3,16.41506
/Volumes/Expansion/PORTFOLIO_FINAL/FRANCAIS/ELEARNING_CORPO/E-learning-Fr .mp3,13.607917
/Volumes/Expansion/PORTFOLIO_FINAL/FRANCAIS/ELEARNING_CORPO/ELearnin Red's Demo_01.mp3,18.72168
/Volumes/Expansion/PORTFOLIO_FINAL/FRANCAIS/ELEARNING_CORPO/ELearnin Red's Demo_02.mp3,8.487373
/Volumes/Expansion/PORTFOLIO_FINAL/FRANCAIS/ELEARNING_CORPO/ELearning FRX03.mp3,13.7458935
/Volumes/Expansion/PORTFOLIO_FINAL/FRANCAIS/ELEARNING_CORPO/ELearning Red's Demo_French.mp3,4.102474
/Volumes/Expansion/PORTFOLIO_FINAL/FRANCAIS/ELEARNING_CORPO/ELearning_Reda.mp3,8.787515
/Volumes/Expansion/PORTFOLIO_FINAL/FRANCAIS/ELEARNING_CORPO/ENSISA FR.mp3,17.013397
/Volumes/Expansion/PORTFOLIO_FINAL/FRANCAIS/ELEARNING_CORPO/ES FRX03.mp3,26.320423
/Volumes/Expansion/PORTFOLIO_FINAL/FRANCAIS/ELEARNING_CORPO/EWC FR X03.mp3,24.12302
/Volumes/Expansion/PORTFOLIO_FINAL/FRANCAIS/ELEARNING_CORPO/Embuild_Fr_Reda.mp3,11.213355
/Volumes/Expansion/PORTFOLIO_FINAL/FRANCAIS/ELEARNING_CORPO/Employee FRX02 .mp3,21.61649
/Volumes/Expansion/PORTFOLIO_FINAL/FRANCAIS/ELEARNING_CORPO/Emplyabilities-FR.mp3,19.8657
/Volumes/Expansion/PORTFOLIO_FINAL/FRANCAIS/ELEARNING_CORPO/Entreprise.mp3,28.602654
/Volumes/Expansion/PORTFOLIO_FINAL/FRANCAIS/ELEARNING_CORPO/Entrée de Boxeurs X03.mp3,12.193178
/Volumes/Expansion/PORTFOLIO_FINAL/FRANCAIS/ELEARNING_CORPO/Equans-Ordre des compagnons des énergies FRX02.mp3,11.142957
/Volumes/Expansion/PORTFOLIO_FINAL/FRANCAIS/ELEARNING_CORPO/FACQ-FR_Reda.mp3,22.074644
/Volumes/Expansion/PORTFOLIO_FINAL/FRANCAIS/ELEARNING_CORPO/FEM FR.mp3,31.614513
/Volumes/Expansion/PORTFOLIO_FINAL/FRANCAIS/ELEARNING_CORPO/FL5000 FR.mp3,4.8448167
/Volumes/Expansion/PORTFOLIO_FINAL/FRANCAIS/ELEARNING_CORPO/FLUX_X02_fr_Reda.mp3,10.75234
/Volumes/Expansion/PORTFOLIO_FINAL/FRANCAIS/ELEARNING_CORPO/FR Voice over (Character #2 male) - Cote d'Ivoire accent.mp3,32.08089
/Volumes/Expansion/PORTFOLIO_FINAL/FRANCAIS/ELEARNING_CORPO/FRENCH_Reda KHIAR .mp3,7.021622
/Volumes/Expansion/PORTFOLIO_FINAL/FRANCAIS/ELEARNING_CORPO/Film Promo Châtaeuroux 2025 X03.mp3,28.376316
/Volumes/Expansion/PORTFOLIO_FINAL/FRANCAIS/ELEARNING_CORPO/Flenn Health FRX02..mp3,17.392433
/Volumes/Expansion/PORTFOLIO_FINAL/FRANCAIS/ELEARNING_CORPO/ForPeech_Fr_Reda.mp3,23.791887
/Volumes/Expansion/PORTFOLIO_FINAL/FRANCAIS/ELEARNING_CORPO/Forti FRX03.mp3,13.0295
/Volumes/Expansion/PORTFOLIO_FINAL/FRANCAIS/ELEARNING_CORPO/French Company Video_Reda.mp3,17.995874
/Volumes/Expansion/PORTFOLIO_FINAL/FRANCAIS/ELEARNING_CORPO/French SHVS_Reda.mp3,26.689877
/Volumes/Expansion/PORTFOLIO_FINAL/FRANCAIS/ELEARNING_CORPO/French Voiceover conversion documentation.mp3,21.190897
/Volumes/Expansion/PORTFOLIO_FINAL/FRANCAIS/ELEARNING_CORPO/French_Reda Khiar 2.mp3,14.83788
/Volumes/Expansion/PORTFOLIO_FINAL/FRANCAIS/ELEARNING_CORPO/GLTHS-Fr.mp3,37.05451
/Volumes/Expansion/PORTFOLIO_FINAL/FRANCAIS/ELEARNING_CORPO/Game Character Jac Luson France_Reda.mp3,17.814703
/Volumes/Expansion/PORTFOLIO_FINAL/FRANCAIS/ELEARNING_CORPO/Garibaldi FRX03 .mp3,8.413268
/Volumes/Expansion/PORTFOLIO_FINAL/FRANCAIS/ELEARNING_CORPO/Golca.mp3,22.392164
/Volumes/Expansion/PORTFOLIO_FINAL/FRANCAIS/ELEARNING_CORPO/Green HPC  FRX02.mp3,26.601988
/Volumes/Expansion/PORTFOLIO_FINAL/FRANCAIS/ELEARNING_CORPO/Guesty - #800 The engine inside - FrenchX03.mp3,26.418823
/Volumes/Expansion/PORTFOLIO_FINAL/FRANCAIS/ELEARNING_CORPO/Guide Touristique.X2_Fr_Reda.mp3,14.051218
/Volumes/Expansion/PORTFOLIO_FINAL/FRANCAIS/ELEARNING_CORPO/Guru X02.mp3,23.191528
/Volumes/Expansion/PORTFOLIO_FINAL/FRANCAIS/ELEARNING_CORPO/HUB Brussels VO FR X03.mp3,10.668703
/Volumes/Expansion/PORTFOLIO_FINAL/FRANCAIS/ELEARNING_CORPO/Hacker FRX03.mp3,15.754528
/Volumes/Expansion/PORTFOLIO_FINAL/FRANCAIS/ELEARNING_CORPO/Heart Of Provence FRX03 .mp3,24.09047
/Volumes/Expansion/PORTFOLIO_FINAL/FRANCAIS/ELEARNING_CORPO/Hit Story FRX04.mp3,17.560078
/Volumes/Expansion/PORTFOLIO_FINAL/FRANCAIS/ELEARNING_CORPO/IBM FRX03.mp3,17.837856
/Volumes/Expansion/PORTFOLIO_FINAL/FRANCAIS/ELEARNING_CORPO/ICT25 FR .mp3,19.71922
/Volumes/Expansion/PORTFOLIO_FINAL/FRANCAIS/ELEARNING_CORPO/IFAG FRX03 .mp3,17.221361
/Volumes/Expansion/PORTFOLIO_FINAL/FRANCAIS/ELEARNING_CORPO/Iberdomide-5.mp3,2.227764
/Volumes/Expansion/PORTFOLIO_FINAL/FRANCAIS/ELEARNING_CORPO/Iberdomide-8.mp3,21.190937
/Volumes/Expansion/PORTFOLIO_FINAL/FRANCAIS/ELEARNING_CORPO/Inspi RSE FRX03.mp3,12.358107
/Volumes/Expansion/PORTFOLIO_FINAL/FRANCAIS/ELEARNING_CORPO/Instructional video for religious organization - French FRX03.mp3,3.283979
/Volumes/Expansion/PORTFOLIO_FINAL/FRANCAIS/ELEARNING_CORPO/Inteview + Reporting-FR.mp3,42.990067
/Volumes/Expansion/PORTFOLIO_FINAL/FRANCAIS/ELEARNING_CORPO/Iron Mountain FRX02.mp3,28.315727
/Volumes/Expansion/PORTFOLIO_FINAL/FRANCAIS/ELEARNING_CORPO/Jorg Geigger FRX02.mp3,12.012418
/Volumes/Expansion/PORTFOLIO_FINAL/FRANCAIS/ELEARNING_CORPO/Jumeau_Fr_Reda.mp3,10.504077
/Volumes/Expansion/PORTFOLIO_FINAL/FRANCAIS/ELEARNING_CORPO/Karl Marx's House audioguide.mp3,7.8586006
/Volumes/Expansion/PORTFOLIO_FINAL/FRANCAIS/ELEARNING_CORPO/Klick FRX02.mp3,24.439651
/Volumes/Expansion/PORTFOLIO_FINAL/FRANCAIS/ELEARNING_CORPO/LDV Story mp3.mp3,38.949833
/Volumes/Expansion/PORTFOLIO_FINAL/FRANCAIS/ELEARNING_CORPO/LION(Fr) X03.mp3,19.49818
/Volumes/Expansion/PORTFOLIO_FINAL/FRANCAIS/ELEARNING_CORPO/LM25 FRX03mp3.mp3,2.3121097
/Volumes/Expansion/PORTFOLIO_FINAL/FRANCAIS/ELEARNING_CORPO/La BAnque des Flux_X02_Reda.mp3,11.2579775
/Volumes/Expansion/PORTFOLIO_FINAL/FRANCAIS/ELEARNING_CORPO/Le Jardin FRX02.mp3,10.628708
/Volumes/Expansion/PORTFOLIO_FINAL/FRANCAIS/ELEARNING_CORPO/LeapFrpg DC-FR.mp3,19.899607
/Volumes/Expansion/PORTFOLIO_FINAL/FRANCAIS/ELEARNING_CORPO/Leroy Merlin 2035 FRX03.mp3,11.601721
/Volumes/Expansion/PORTFOLIO_FINAL/FRANCAIS/ELEARNING_CORPO/MACIF - Referentiel NET FRX03.mp3,19.253561
/Volumes/Expansion/PORTFOLIO_FINAL/FRANCAIS/ELEARNING_CORPO/MD Biodechet FRX03.mp3,29.522121
/Volumes/Expansion/PORTFOLIO_FINAL/FRANCAIS/ELEARNING_CORPO/MEP-FR.mp3,38.321537
/Volumes/Expansion/PORTFOLIO_FINAL/FRANCAIS/ELEARNING_CORPO/MFA FRXX.mp3,15.810179
/Volumes/Expansion/PORTFOLIO_FINAL/FRANCAIS/ELEARNING_CORPO/MV-Immigration Francophone.mp3,25.226437
/Volumes/Expansion/PORTFOLIO_FINAL/FRANCAIS/ELEARNING_CORPO/Male Overvoice for an History  FR.mp3,9.313419
/Volumes/Expansion/PORTFOLIO_FINAL/FRANCAIS/ELEARNING_CORPO/Male Overvoice for an History Podcast FR.mp3,15.435675
/Volumes/Expansion/PORTFOLIO_FINAL/FRANCAIS/ELEARNING_CORPO/Manager-FR.mp3,41.978962
/Volumes/Expansion/PORTFOLIO_FINAL/FRANCAIS/ELEARNING_CORPO/ManifestoX4.mp3,35.61323
/Volumes/Expansion/PORTFOLIO_FINAL/FRANCAIS/ELEARNING_CORPO/Master ANFA_Reda.mp3,17.129215
/Volumes/Expansion/PORTFOLIO_FINAL/FRANCAIS/ELEARNING_CORPO/Medi Podcast FR .mp3,9.360625
/Volumes/Expansion/PORTFOLIO_FINAL/FRANCAIS/ELEARNING_CORPO/Mezigdomide-5.mp3,14.528348
/Volumes/Expansion/PORTFOLIO_FINAL/FRANCAIS/ELEARNING_CORPO/Mezigdomide-7.mp3,52.57856
/Volumes/Expansion/PORTFOLIO_FINAL/FRANCAIS/ELEARNING_CORPO/Mezigdomide-8.mp3,23.981712
/Volumes/Expansion/PORTFOLIO_FINAL/FRANCAIS/ELEARNING_CORPO/Mollie-french_Reda.mp3,15.214146
/Volumes/Expansion/PORTFOLIO_FINAL/FRANCAIS/ELEARNING_CORPO/Mon Rugby X03.mp3,8.395272
/Volumes/Expansion/PORTFOLIO_FINAL/FRANCAIS/ELEARNING_CORPO/Monday Ad-Fr.mp3,22.171455
/Volumes/Expansion/PORTFOLIO_FINAL/FRANCAIS/ELEARNING_CORPO/MondayPointCom.mp3,24.885563
/Volumes/Expansion/PORTFOLIO_FINAL/FRANCAIS/ELEARNING_CORPO/Mozaic Clean Draft_Fr.mp3,40.574078
/Volumes/Expansion/PORTFOLIO_FINAL/FRANCAIS/ELEARNING_CORPO/Mury Poney Story.mp3,23.172382
/Volumes/Expansion/PORTFOLIO_FINAL/FRANCAIS/ELEARNING_CORPO/My Survival Story_Josef.mp3,43.182213
/Volumes/Expansion/PORTFOLIO_FINAL/FRANCAIS/ELEARNING_CORPO/Nadia FRX03.mp3,12.486388
/Volumes/Expansion/PORTFOLIO_FINAL/FRANCAIS/ELEARNING_CORPO/Neurora FRX03.mp3,12.982013
/Volumes/Expansion/PORTFOLIO_FINAL/FRANCAIS/ELEARNING_CORPO/Ni k_French_Reda.mp3,4.108536
/Volumes/Expansion/PORTFOLIO_FINAL/FRANCAIS/ELEARNING_CORPO/OXBO FR X02.mp3,5.7176495
/Volumes/Expansion/PORTFOLIO_FINAL/FRANCAIS/ELEARNING_CORPO/Ocapiat-handicap FRX02.mp3,9.564242
/Volumes/Expansion/PORTFOLIO_FINAL/FRANCAIS/ELEARNING_CORPO/Omnistrore FRX03mp3.mp3,4.2325554
/Volumes/Expansion/PORTFOLIO_FINAL/FRANCAIS/ELEARNING_CORPO/OnFlightInstruction-Fr.mp3,51.297203
/Volumes/Expansion/PORTFOLIO_FINAL/FRANCAIS/ELEARNING_CORPO/OpenText_Fr_reda.mp3,23.830053
/Volumes/Expansion/PORTFOLIO_FINAL/FRANCAIS/ELEARNING_CORPO/Opener_Fr_Reda.mp3,10.211978
/Volumes/Expansion/PORTFOLIO_FINAL/FRANCAIS/ELEARNING_CORPO/Ouest Sud FRX03.mp3,18.22294
/Volumes/Expansion/PORTFOLIO_FINAL/FRANCAIS/ELEARNING_CORPO/PADS-FR.mp3,8.783281
/Volumes/Expansion/PORTFOLIO_FINAL/FRANCAIS/ELEARNING_CORPO/PAMT FR EU .mp3,12.773759
/Volumes/Expansion/PORTFOLIO_FINAL/FRANCAIS/ELEARNING_CORPO/PF.mp3,13.159102
/Volumes/Expansion/PORTFOLIO_FINAL/FRANCAIS/ELEARNING_CORPO/POLLUTEC-FR_Reda.mp3,22.44379
/Volumes/Expansion/PORTFOLIO_FINAL/FRANCAIS/ELEARNING_CORPO/PPX-2024-05 Account Reconciliation (Euro French)X03..mp3,16.398031
/Volumes/Expansion/PORTFOLIO_FINAL/FRANCAIS/ELEARNING_CORPO/PPX-2024-05 Account Reconciliation (Euro French)X03.mp3,51.96492
/Volumes/Expansion/PORTFOLIO_FINAL/FRANCAIS/ELEARNING_CORPO/Paie.mp3,9.084917
/Volumes/Expansion/PORTFOLIO_FINAL/FRANCAIS/ELEARNING_CORPO/Pentera-FR_Reda.mp3,45.778534
/Volumes/Expansion/PORTFOLIO_FINAL/FRANCAIS/ELEARNING_CORPO/Pfister-FR.mp3,22.859604
/Volumes/Expansion/PORTFOLIO_FINAL/FRANCAIS/ELEARNING_CORPO/Phishing_Fr_Reda.mp3,8.597222
/Volumes/Expansion/PORTFOLIO_FINAL/FRANCAIS/ELEARNING_CORPO/PickToLight_fr_reda.mp3,34.16171
/Volumes/Expansion/PORTFOLIO_FINAL/FRANCAIS/ELEARNING_CORPO/Plateforme FR 1 .mp3,12.850665
/Volumes/Expansion/PORTFOLIO_FINAL/FRANCAIS/ELEARNING_CORPO/Plateforme-Fr.mp3,19.080996
/Volumes/Expansion/PORTFOLIO_FINAL/FRANCAIS/ELEARNING_CORPO/Pod Dub FRX02.mp3,25.198498
/Volumes/Expansion/PORTFOLIO_FINAL/FRANCAIS/ELEARNING_CORPO/Podcast TCA FRX03mp3.mp3,6.7669306
/Volumes/Expansion/PORTFOLIO_FINAL/FRANCAIS/ELEARNING_CORPO/Protropic FRX03.mp3,18.784752
/Volumes/Expansion/PORTFOLIO_FINAL/FRANCAIS/ELEARNING_CORPO/Purlab FR-1 min .mp3,5.827693
/Volumes/Expansion/PORTFOLIO_FINAL/FRANCAIS/ELEARNING_CORPO/RDM ASMR FR.mp3,17.64352
/Volumes/Expansion/PORTFOLIO_FINAL/FRANCAIS/ELEARNING_CORPO/RITM_Fr_Reda.mp3,8.14706
/Volumes/Expansion/PORTFOLIO_FINAL/FRANCAIS/ELEARNING_CORPO/ROH_ELearning_Translations_FRX03.mp3,3.9061427
/Volumes/Expansion/PORTFOLIO_FINAL/FRANCAIS/ELEARNING_CORPO/Ravensburger Labyrinth .mp3,11.87958
/Volumes/Expansion/PORTFOLIO_FINAL/FRANCAIS/ELEARNING_CORPO/Reclamation FRX03.mp3,32.02124
/Volumes/Expansion/PORTFOLIO_FINAL/FRANCAIS/ELEARNING_CORPO/Reda-My Demo_ Commerciale  .mp3,17.80908
/Volumes/Expansion/PORTFOLIO_FINAL/FRANCAIS/ELEARNING_CORPO/Reda-My Demo_Corpo.mp3,14.364695
/Volumes/Expansion/PORTFOLIO_FINAL/FRANCAIS/ELEARNING_CORPO/Reporting +Inteview-FR.mp3,53.890854
/Volumes/Expansion/PORTFOLIO_FINAL/FRANCAIS/ELEARNING_CORPO/Robertet FR X03.mp3,15.068437
/Volumes/Expansion/PORTFOLIO_FINAL/FRANCAIS/ELEARNING_CORPO/SAA 60  Fr Modif Txt.mp3,9.259361
/Volumes/Expansion/PORTFOLIO_FINAL/FRANCAIS/ELEARNING_CORPO/SAA 60 -Modif.mp3,14.032199
/Volumes/Expansion/PORTFOLIO_FINAL/FRANCAIS/ELEARNING_CORPO/SAA 60 X02 -Modif.mp3,20.739548
/Volumes/Expansion/PORTFOLIO_FINAL/FRANCAIS/ELEARNING_CORPO/SAA 60-Fr.mp3,6.598479
/Volumes/Expansion/PORTFOLIO_FINAL/FRANCAIS/ELEARNING_CORPO/SAA 60-Fr_F.mp3,18.546661
/Volumes/Expansion/PORTFOLIO_FINAL/FRANCAIS/ELEARNING_CORPO/SAONE ET LOIRE - Spot Tourisme FRX04.mp3,3.0228088
/Volumes/Expansion/PORTFOLIO_FINAL/FRANCAIS/ELEARNING_CORPO/SIG_FR_Reda.mp3,7.8967657
/Volumes/Expansion/PORTFOLIO_FINAL/FRANCAIS/ELEARNING_CORPO/SNAM FR.mp3,18.449787
/Volumes/Expansion/PORTFOLIO_FINAL/FRANCAIS/ELEARNING_CORPO/SPME_Fr_Reda.mp3,16.88665
/Volumes/Expansion/PORTFOLIO_FINAL/FRANCAIS/ELEARNING_CORPO/STAMISOL_Fr_Reda.mp3,9.088789
/Volumes/Expansion/PORTFOLIO_FINAL/FRANCAIS/ELEARNING_CORPO/STAMISOL_Fr_Reda_01.mp3,7.269925
/Volumes/Expansion/PORTFOLIO_FINAL/FRANCAIS/ELEARNING_CORPO/Safety FRX03.mp3,26.401865
/Volumes/Expansion/PORTFOLIO_FINAL/FRANCAIS/ELEARNING_CORPO/Sam FRX02.mp3,1.6132816
/Volumes/Expansion/PORTFOLIO_FINAL/FRANCAIS/ELEARNING_CORPO/Samuel-FR final.mp3,25.416277
/Volumes/Expansion/PORTFOLIO_FINAL/FRANCAIS/ELEARNING_CORPO/SanoSur-fr.mp3,26.062618
/Volumes/Expansion/PORTFOLIO_FINAL/FRANCAIS/ELEARNING_CORPO/Sanofi - connect the dots frX03 .mp3,11.392197
/Volumes/Expansion/PORTFOLIO_FINAL/FRANCAIS/ELEARNING_CORPO/Shopping-Fr_Reda.mp3,10.703682
/Volumes/Expansion/PORTFOLIO_FINAL/FRANCAIS/ELEARNING_CORPO/Slide 32 .mp3,5.777175
/Volumes/Expansion/PORTFOLIO_FINAL/FRANCAIS/ELEARNING_CORPO/Smectalia FRX03.mp3,10.445633
/Volumes/Expansion/PORTFOLIO_FINAL/FRANCAIS/ELEARNING_CORPO/Soccer_Fr_Reda.mp3,15.652662
/Volumes/Expansion/PORTFOLIO_FINAL/FRANCAIS/ELEARNING_CORPO/SportsPromo_Fr_Redamp3.mp3,6.1951404
/Volumes/Expansion/PORTFOLIO_FINAL/FRANCAIS/ELEARNING_CORPO/Suze'n'go_Fr_Reda.mp3,6.1671762
/Volumes/Expansion/PORTFOLIO_FINAL/FRANCAIS/ELEARNING_CORPO/THALES1.mp3,39.520878
/Volumes/Expansion/PORTFOLIO_FINAL/FRANCAIS/ELEARNING_CORPO/TN Draft.mp3,7.211123
/Volumes/Expansion/PORTFOLIO_FINAL/FRANCAIS/ELEARNING_CORPO/TRC FR X 03.mp3,18.65125
/Volumes/Expansion/PORTFOLIO_FINAL/FRANCAIS/ELEARNING_CORPO/Takeda_Patient Testimonials VO ArFr_Reda.mp3,14.381211
/Volumes/Expansion/PORTFOLIO_FINAL/FRANCAIS/ELEARNING_CORPO/Teaser eLearning-FR X03.mp3,58.636684
/Volumes/Expansion/PORTFOLIO_FINAL/FRANCAIS/ELEARNING_CORPO/Teaser eLearning-FR.mp3,14.630986
/Volumes/Expansion/PORTFOLIO_FINAL/FRANCAIS/ELEARNING_CORPO/Tech Video FRX04.mp3,12.769052
/Volumes/Expansion/PORTFOLIO_FINAL/FRANCAIS/ELEARNING_CORPO/Totem Cybersecurité FRX02.mp3,12.614365
/Volumes/Expansion/PORTFOLIO_FINAL/FRANCAIS/ELEARNING_CORPO/TripAdvisor-FR_Reda.mp3,14.783061
/Volumes/Expansion/PORTFOLIO_FINAL/FRANCAIS/ELEARNING_CORPO/Trois Prime FR.mp3,11.53088
/Volumes/Expansion/PORTFOLIO_FINAL/FRANCAIS/ELEARNING_CORPO/Tropicool FRX02.mp3,22.541971
/Volumes/Expansion/PORTFOLIO_FINAL/FRANCAIS/ELEARNING_CORPO/Tuto auto_Fr_Reda.mp3,34.107216
/Volumes/Expansion/PORTFOLIO_FINAL/FRANCAIS/ELEARNING_CORPO/Tuto_FR.mp3,9.549224
/Volumes/Expansion/PORTFOLIO_FINAL/FRANCAIS/ELEARNING_CORPO/UHA FRX02.mp3,7.994749
/Volumes/Expansion/PORTFOLIO_FINAL/FRANCAIS/ELEARNING_CORPO/VO DETS V2.mp3,63.498917
/Volumes/Expansion/PORTFOLIO_FINAL/FRANCAIS/ELEARNING_CORPO/VO French_Reda.mp3,18.80774
/Volumes/Expansion/PORTFOLIO_FINAL/FRANCAIS/ELEARNING_CORPO/VO Instit.mp3,4.3299556
/Volumes/Expansion/PORTFOLIO_FINAL/FRANCAIS/ELEARNING_CORPO/VO Vidéo Introductive._Optionnel.mp3,22.206566
/Volumes/Expansion/PORTFOLIO_FINAL/FRANCAIS/ELEARNING_CORPO/VO Vidéo Introductive.mp3,7.349323
/Volumes/Expansion/PORTFOLIO_FINAL/FRANCAIS/ELEARNING_CORPO/VO Vidéo Introductive_Debrief.mp3,17.336176
/Volumes/Expansion/PORTFOLIO_FINAL/FRANCAIS/ELEARNING_CORPO/VO Vidéo Introductive_X03.mp3,13.915907
/Volumes/Expansion/PORTFOLIO_FINAL/FRANCAIS/ELEARNING_CORPO/VOIX OFF ST GOBAIN FRX03.mp3,15.204936
/Volumes/Expansion/PORTFOLIO_FINAL/FRANCAIS/ELEARNING_CORPO/VOIX OFF TECHNODAL FRX02.mp3,13.297923
/Volumes/Expansion/PORTFOLIO_FINAL/FRANCAIS/ELEARNING_CORPO/Verre d'eau FRX02.mp3,16.966505
/Volumes/Expansion/PORTFOLIO_FINAL/FRANCAIS/ELEARNING_CORPO/Vessimmersion_Reda.mp3,19.839245
/Volumes/Expansion/PORTFOLIO_FINAL/FRANCAIS/ELEARNING_CORPO/Vidéo Médicale FRX02.mp3.mp3,11.58605
/Volumes/Expansion/PORTFOLIO_FINAL/FRANCAIS/ELEARNING_CORPO/Voice123 - Corpo Fr  - Reda.mp3,10.72353
/Volumes/Expansion/PORTFOLIO_FINAL/FRANCAIS/ELEARNING_CORPO/WFP - Ware house - French - Male_Reda.mp3,21.99624
/Volumes/Expansion/PORTFOLIO_FINAL/FRANCAIS/ELEARNING_CORPO/WLM FRX02.mp3,9.5708885
/Volumes/Expansion/PORTFOLIO_FINAL/FRANCAIS/ELEARNING_CORPO/WPO .mp3,24.769651
/Volumes/Expansion/PORTFOLIO_FINAL/FRANCAIS/ELEARNING_CORPO/Water_Fr_Reda.mp3,11.246333
/Volumes/Expansion/PORTFOLIO_FINAL/FRANCAIS/ELEARNING_CORPO/Wincasa FR_Reda.mp3,18.578892
/Volumes/Expansion/PORTFOLIO_FINAL/FRANCAIS/ELEARNING_CORPO/Windows 11.mp3,5.7964864
/Volumes/Expansion/PORTFOLIO_FINAL/FRANCAIS/ELEARNING_CORPO/Wolf-Reda Reda 3tks .mp3,13.139945
/Volumes/Expansion/PORTFOLIO_FINAL/FRANCAIS/ELEARNING_CORPO/Wolf-Reda Reda 3tks 1.mp3,9.556323
/Volumes/Expansion/PORTFOLIO_FINAL/FRANCAIS/ELEARNING_CORPO/Wolf-Reda Reda 3tks.mp3,8.511101
/Volumes/Expansion/PORTFOLIO_FINAL/FRANCAIS/ELEARNING_CORPO/ZEÏSS RSE_Fr_Reda.mp3,17.522766
/Volumes/Expansion/PORTFOLIO_FINAL/FRANCAIS/ELEARNING_CORPO/ZENTIVA FRX02.mp3.mp3,12.863911
/Volumes/Expansion/PORTFOLIO_FINAL/FRANCAIS/ELEARNING_CORPO/air intro_reda.mp3,12.269907
/Volumes/Expansion/PORTFOLIO_FINAL/FRANCAIS/ELEARNING_CORPO/cantons.mp3,11.546354
/Volumes/Expansion/PORTFOLIO_FINAL/FRANCAIS/ELEARNING_CORPO/dzzadazdd.mp3,13.633777
/Volumes/Expansion/PORTFOLIO_FINAL/FRANCAIS/MEDICAL/AFRODEV FR .mp3,16.375305
/Volumes/Expansion/PORTFOLIO_FINAL/FRANCAIS/MEDICAL/ANCRE Solidarité.mp3,31.930485
/Volumes/Expansion/PORTFOLIO_FINAL/FRANCAIS/MEDICAL/Align-FR.mp3,18.917421
/Volumes/Expansion/PORTFOLIO_FINAL/FRANCAIS/MEDICAL/App FRX03.mp3,14.425807
/Volumes/Expansion/PORTFOLIO_FINAL/FRANCAIS/MEDICAL/Augmentin_Fr_Reda.mp3,7.9432445
/Volumes/Expansion/PORTFOLIO_FINAL/FRANCAIS/MEDICAL/Bhringer-FR.mp3,4.5467067
/Volumes/Expansion/PORTFOLIO_FINAL/FRANCAIS/MEDICAL/CAREVEO FRX03.mp3,14.999382
/Volumes/Expansion/PORTFOLIO_FINAL/FRANCAIS/MEDICAL/CLO's FRX02.mp3,63.478607
/Volumes/Expansion/PORTFOLIO_FINAL/FRANCAIS/MEDICAL/Cas Clinique FRX02.mp3,13.412905
/Volumes/Expansion/PORTFOLIO_FINAL/FRANCAIS/MEDICAL/Cat Oil & Gas FRX03.mp3,10.693817
/Volumes/Expansion/PORTFOLIO_FINAL/FRANCAIS/MEDICAL/Chateauroux FRX04.mp3,12.596861
/Volumes/Expansion/PORTFOLIO_FINAL/FRANCAIS/MEDICAL/Chtrx2024.mp3,21.758408
/Volumes/Expansion/PORTFOLIO_FINAL/FRANCAIS/MEDICAL/Chtrx24_1.mp3,12.838737
/Volumes/Expansion/PORTFOLIO_FINAL/FRANCAIS/MEDICAL/Cold Case FRX03.mp3,19.819778
/Volumes/Expansion/PORTFOLIO_FINAL/FRANCAIS/MEDICAL/Culligan_French Accent En.mp3,21.79362
/Volumes/Expansion/PORTFOLIO_FINAL/FRANCAIS/MEDICAL/David Garcia FRX04.mp3,20.04154
/Volumes/Expansion/PORTFOLIO_FINAL/FRANCAIS/MEDICAL/Dermato FR X03.mp3,30.007505
/Volumes/Expansion/PORTFOLIO_FINAL/FRANCAIS/MEDICAL/DjIB-FR.mp3,31.353699
/Volumes/Expansion/PORTFOLIO_FINAL/FRANCAIS/MEDICAL/Dr. Hans Christian Hagdorn_Reda.mp3,17.494581
"/Volumes/Expansion/PORTFOLIO_FINAL/FRANCAIS/MEDICAL/Ep4-P14USe
.mp3",19.162466
"/Volumes/Expansion/PORTFOLIO_FINAL/FRANCAIS/MEDICAL/Ep4-P4
.mp3",14.029001
"/Volumes/Expansion/PORTFOLIO_FINAL/FRANCAIS/MEDICAL/Ep4-P7
P7M

.mp3",29.752703
/Volumes/Expansion/PORTFOLIO_FINAL/FRANCAIS/MEDICAL/Epitact FRX03.mp3,5.5355644
/Volumes/Expansion/PORTFOLIO_FINAL/FRANCAIS/MEDICAL/Ethiopathie-FR X02.mp3,20.99358
/Volumes/Expansion/PORTFOLIO_FINAL/FRANCAIS/MEDICAL/Ethiopathie-FR.mp3,13.301246
/Volumes/Expansion/PORTFOLIO_FINAL/FRANCAIS/MEDICAL/FR Neutral X02.mp3,8.714278
/Volumes/Expansion/PORTFOLIO_FINAL/FRANCAIS/MEDICAL/FRenchy English Narration_Reda.mp3,9.341571
/Volumes/Expansion/PORTFOLIO_FINAL/FRANCAIS/MEDICAL/Fil Radio.mp3,34.236973
/Volumes/Expansion/PORTFOLIO_FINAL/FRANCAIS/MEDICAL/French_IndustrialVO_Reda.mp3,39.688187
/Volumes/Expansion/PORTFOLIO_FINAL/FRANCAIS/MEDICAL/GLES FRX02.mp3,10.1008
/Volumes/Expansion/PORTFOLIO_FINAL/FRANCAIS/MEDICAL/Healthcare Videos-FR_Reda.mp3,24.9642
/Volumes/Expansion/PORTFOLIO_FINAL/FRANCAIS/MEDICAL/Iberdomide-14.mp3,17.825396
/Volumes/Expansion/PORTFOLIO_FINAL/FRANCAIS/MEDICAL/JANSSEN LLC-FR_Reda.mp3,37.473663
/Volumes/Expansion/PORTFOLIO_FINAL/FRANCAIS/MEDICAL/LMMS FR.mp3,7.0104795
/Volumes/Expansion/PORTFOLIO_FINAL/FRANCAIS/MEDICAL/MAStory_FR.mp3,53.7215
/Volumes/Expansion/PORTFOLIO_FINAL/FRANCAIS/MEDICAL/MD VOEUX .mp3,23.783773
/Volumes/Expansion/PORTFOLIO_FINAL/FRANCAIS/MEDICAL/Male EU French voice for YouTube Ads.mp3,13.253681
/Volumes/Expansion/PORTFOLIO_FINAL/FRANCAIS/MEDICAL/Manitoba_Sante_fr_Reda.mp3,17.427456
/Volumes/Expansion/PORTFOLIO_FINAL/FRANCAIS/MEDICAL/Menarini-FRX03.mp3,29.023993
/Volumes/Expansion/PORTFOLIO_FINAL/FRANCAIS/MEDICAL/Mezigdomide-14.mp3,15.340957
/Volumes/Expansion/PORTFOLIO_FINAL/FRANCAIS/MEDICAL/Moovecare Video-French_Reda.mp3,7.1428533
/Volumes/Expansion/PORTFOLIO_FINAL/FRANCAIS/MEDICAL/NB FR X02.mp3,14.936174
/Volumes/Expansion/PORTFOLIO_FINAL/FRANCAIS/MEDICAL/Narration for a 1-minute video on healthcare treatment adoption - FRX03.mp3,14.482104
/Volumes/Expansion/PORTFOLIO_FINAL/FRANCAIS/MEDICAL/Native French Medical Narration X03.mp3,27.4292
/Volumes/Expansion/PORTFOLIO_FINAL/FRANCAIS/MEDICAL/OMSA_Fr_Reda.mp3,41.23905
/Volumes/Expansion/PORTFOLIO_FINAL/FRANCAIS/MEDICAL/PGI FR X04.mp3,21.459469
/Volumes/Expansion/PORTFOLIO_FINAL/FRANCAIS/MEDICAL/PR FRX02.mp3,16.204208
/Volumes/Expansion/PORTFOLIO_FINAL/FRANCAIS/MEDICAL/Patient Calypso 1 FRX03.mp3,57.02028
/Volumes/Expansion/PORTFOLIO_FINAL/FRANCAIS/MEDICAL/Patient vermeil 2.mp3,30.619654
/Volumes/Expansion/PORTFOLIO_FINAL/FRANCAIS/MEDICAL/Patient vermeil 4.mp3,36.979702
/Volumes/Expansion/PORTFOLIO_FINAL/FRANCAIS/MEDICAL/Podcast Santé_Fr_Reda.mp3,32.205482
/Volumes/Expansion/PORTFOLIO_FINAL/FRANCAIS/MEDICAL/PrEP French X02.mp3,15.281556
/Volumes/Expansion/PORTFOLIO_FINAL/FRANCAIS/MEDICAL/Primabook_Fr_Reda.mp3,13.207769
/Volumes/Expansion/PORTFOLIO_FINAL/FRANCAIS/MEDICAL/Prothera FRX02.mp3,13.079709
/Volumes/Expansion/PORTFOLIO_FINAL/FRANCAIS/MEDICAL/Quiz HepC-FR.mp3,81.018524
/Volumes/Expansion/PORTFOLIO_FINAL/FRANCAIS/MEDICAL/Rose W .mp3,35.18209
/Volumes/Expansion/PORTFOLIO_FINAL/FRANCAIS/MEDICAL/Rose W _01.mp3,23.723803
/Volumes/Expansion/PORTFOLIO_FINAL/FRANCAIS/MEDICAL/Sanofi MS  FRX03.mp3,13.107129
/Volumes/Expansion/PORTFOLIO_FINAL/FRANCAIS/MEDICAL/Sea Wheat-French .mp3,17.634241
/Volumes/Expansion/PORTFOLIO_FINAL/FRANCAIS/MEDICAL/Slide 19 -La Vulnerabilité financiere comme facteur de risque d esclavage moderne.mp3,25.332499
/Volumes/Expansion/PORTFOLIO_FINAL/FRANCAIS/MEDICAL/Smectalia FRX03.mp3,4.1036415
/Volumes/Expansion/PORTFOLIO_FINAL/FRANCAIS/MEDICAL/TN.mp3,26.087826
/Volumes/Expansion/PORTFOLIO_FINAL/FRANCAIS/MEDICAL/Takeda_Patient Testimonials VO ArFr_Reda.mp3,17.976513
/Volumes/Expansion/PORTFOLIO_FINAL/FRANCAIS/MEDICAL/Teaser HPN2 FRX03.mp3,10.101084
/Volumes/Expansion/PORTFOLIO_FINAL/FRANCAIS/MEDICAL/Tensing Norgay_Reda.mp3,22.09693
/Volumes/Expansion/PORTFOLIO_FINAL/FRANCAIS/MEDICAL/Trois Prime FR_01.mp3,19.51976
/Volumes/Expansion/PORTFOLIO_FINAL/FRANCAIS/MEDICAL/VO vidéo Podcast médicale FRX03.mp3,7.975194
/Volumes/Expansion/PORTFOLIO_FINAL/FRANCAIS/MEDICAL/WELEDA-DOMILA FRX02.mp3,7.638215
/Volumes/Expansion/PORTFOLIO_FINAL/FRANCAIS/MEDICAL/WHO Childhood Cancer FR.mp3,11.179907
/Volumes/Expansion/PORTFOLIO_FINAL/FRANCAIS/MEDICAL/XenPo FRX02.mp3,22.494493
"/Volumes/Expansion/PORTFOLIO_FINAL/FRANCAIS/PUBLICITE/
French M - Threat Landscape v1 X03.mp3",27.299408
/Volumes/Expansion/PORTFOLIO_FINAL/FRANCAIS/PUBLICITE/ Holiday DDA  FRX03.mp3,2.1426785
"/Volumes/Expansion/PORTFOLIO_FINAL/FRANCAIS/PUBLICITE/1 sans titre.mp3 
Holiday DDA  FR.mp3",10.349402
/Volumes/Expansion/PORTFOLIO_FINAL/FRANCAIS/PUBLICITE/100 ans .mp3,9.437438
/Volumes/Expansion/PORTFOLIO_FINAL/FRANCAIS/PUBLICITE/18V system French_Reda.mp3,18.10222
/Volumes/Expansion/PORTFOLIO_FINAL/FRANCAIS/PUBLICITE/22ELAN2423 - Agita Awareness - FRENCH_reda.mp3,39.32549
/Volumes/Expansion/PORTFOLIO_FINAL/FRANCAIS/PUBLICITE/AAR15_FR_X03_Reda.mp3,20.619162
/Volumes/Expansion/PORTFOLIO_FINAL/FRANCAIS/PUBLICITE/ADobe Stock Unlimited FRX03.mp3,6.4900966
/Volumes/Expansion/PORTFOLIO_FINAL/FRANCAIS/PUBLICITE/AFFINITY - La Chapelle - PRJ-17524.mp3,18.466972
/Volumes/Expansion/PORTFOLIO_FINAL/FRANCAIS/PUBLICITE/ALAVA Chambre de Commerce .mp3,18.385979
/Volumes/Expansion/PORTFOLIO_FINAL/FRANCAIS/PUBLICITE/ALAVA Corpo FR.mp3,16.238085
/Volumes/Expansion/PORTFOLIO_FINAL/FRANCAIS/PUBLICITE/AM250X3  French (France).mp3,9.92914
/Volumes/Expansion/PORTFOLIO_FINAL/FRANCAIS/PUBLICITE/AMCS FR Anthem FX03.mp3,8.0497265
/Volumes/Expansion/PORTFOLIO_FINAL/FRANCAIS/PUBLICITE/AMEX FR .mp3,19.36364
/Volumes/Expansion/PORTFOLIO_FINAL/FRANCAIS/PUBLICITE/AMZ FR EU X02.mp3,26.04747
/Volumes/Expansion/PORTFOLIO_FINAL/FRANCAIS/PUBLICITE/ANT FRX03.mp3,11.602128
/Volumes/Expansion/PORTFOLIO_FINAL/FRANCAIS/PUBLICITE/AP 1er MAi .mp3,16.300741
/Volumes/Expansion/PORTFOLIO_FINAL/FRANCAIS/PUBLICITE/AP 1er MAi.mp3,21.48734
/Volumes/Expansion/PORTFOLIO_FINAL/FRANCAIS/PUBLICITE/ATTR500 HALF.mp3,23.895409
/Volumes/Expansion/PORTFOLIO_FINAL/FRANCAIS/PUBLICITE/ATTR500 kraft.mp3,18.85946
/Volumes/Expansion/PORTFOLIO_FINAL/FRANCAIS/PUBLICITE/AUDIO Driss FRX03.mp3,16.222134
/Volumes/Expansion/PORTFOLIO_FINAL/FRANCAIS/PUBLICITE/Adwya Prix Pr Gueddich-Draft3.mp3,8.35292
/Volumes/Expansion/PORTFOLIO_FINAL/FRANCAIS/PUBLICITE/Adwya Prix Pr Gueddich.mp3,11.234533
/Volumes/Expansion/PORTFOLIO_FINAL/FRANCAIS/PUBLICITE/Agriculture FR .mp3,11.037203
/Volumes/Expansion/PORTFOLIO_FINAL/FRANCAIS/PUBLICITE/AiR ARABIA_En-FR.mp3,8.291176
/Volumes/Expansion/PORTFOLIO_FINAL/FRANCAIS/PUBLICITE/Alex fr .mp3,12.451853
/Volumes/Expansion/PORTFOLIO_FINAL/FRANCAIS/PUBLICITE/Alex fr _01.mp3,12.346142
/Volumes/Expansion/PORTFOLIO_FINAL/FRANCAIS/PUBLICITE/Altissia FRX02.mp3,19.9161
/Volumes/Expansion/PORTFOLIO_FINAL/FRANCAIS/PUBLICITE/Altissia FRX02_01.mp3,25.414753
/Volumes/Expansion/PORTFOLIO_FINAL/FRANCAIS/PUBLICITE/Ammann-Fr X03.mp3,8.406818
/Volumes/Expansion/PORTFOLIO_FINAL/FRANCAIS/PUBLICITE/Animation Muséale FRX02.mp3,26.346558
/Volumes/Expansion/PORTFOLIO_FINAL/FRANCAIS/PUBLICITE/Anti PC FRX02.mp3,19.500134
/Volumes/Expansion/PORTFOLIO_FINAL/FRANCAIS/PUBLICITE/ApplePomme_Fr_Reda.mp3,8.422945
/Volumes/Expansion/PORTFOLIO_FINAL/FRANCAIS/PUBLICITE/Axione-Fr_Reda.mp3,5.8626747
/Volumes/Expansion/PORTFOLIO_FINAL/FRANCAIS/PUBLICITE/Aymen_911.mp3,15.447982
/Volumes/Expansion/PORTFOLIO_FINAL/FRANCAIS/PUBLICITE/BB2.5VERTICAL FR X03.mp3,22.258184
/Volumes/Expansion/PORTFOLIO_FINAL/FRANCAIS/PUBLICITE/BF FRX02.mp3,16.290361
/Volumes/Expansion/PORTFOLIO_FINAL/FRANCAIS/PUBLICITE/BNP ARVAL.mp3,22.11483
/Volumes/Expansion/PORTFOLIO_FINAL/FRANCAIS/PUBLICITE/BWT FRX03.mp3,8.561282
/Volumes/Expansion/PORTFOLIO_FINAL/FRANCAIS/PUBLICITE/Babilou-FR.mp3,23.557327
/Volumes/Expansion/PORTFOLIO_FINAL/FRANCAIS/PUBLICITE/Belledune_Fr_Reda.mp3,21.43969
/Volumes/Expansion/PORTFOLIO_FINAL/FRANCAIS/PUBLICITE/Beton Corpo FRX03.mp3,19.943626
/Volumes/Expansion/PORTFOLIO_FINAL/FRANCAIS/PUBLICITE/Bilb LP_Reda.mp3,11.70489
/Volumes/Expansion/PORTFOLIO_FINAL/FRANCAIS/PUBLICITE/Bilboard-Fr.mp3,9.587527
/Volumes/Expansion/PORTFOLIO_FINAL/FRANCAIS/PUBLICITE/Bilboard.mp3,29.993776
/Volumes/Expansion/PORTFOLIO_FINAL/FRANCAIS/PUBLICITE/Biop Primagaz FR.mp3,21.679493
/Volumes/Expansion/PORTFOLIO_FINAL/FRANCAIS/PUBLICITE/Boulanger .mp3,16.468296
/Volumes/Expansion/PORTFOLIO_FINAL/FRANCAIS/PUBLICITE/Brouillon .mp3,11.877208
/Volumes/Expansion/PORTFOLIO_FINAL/FRANCAIS/PUBLICITE/BullionByPost_Fr_reda.mp3,9.638512
/Volumes/Expansion/PORTFOLIO_FINAL/FRANCAIS/PUBLICITE/Bunny App _Jeune Adult.mp3,7.8896694
/Volumes/Expansion/PORTFOLIO_FINAL/FRANCAIS/PUBLICITE/But.fr_Reda.mp3,7.184071
/Volumes/Expansion/PORTFOLIO_FINAL/FRANCAIS/PUBLICITE/CAR-T Dual-17.mp3,8.141881
/Volumes/Expansion/PORTFOLIO_FINAL/FRANCAIS/PUBLICITE/CAR-T Dual-17_01.mp3,12.340801
/Volumes/Expansion/PORTFOLIO_FINAL/FRANCAIS/PUBLICITE/CAR-T cells anti-GPRC5D (1)-13.mp3,13.89531
/Volumes/Expansion/PORTFOLIO_FINAL/FRANCAIS/PUBLICITE/CAR-T cells anti-GPRC5D (1)-13_01.mp3,16.368166
/Volumes/Expansion/PORTFOLIO_FINAL/FRANCAIS/PUBLICITE/CIBC FRX02.mp3,14.212813
"/Volumes/Expansion/PORTFOLIO_FINAL/FRANCAIS/PUBLICITE/CIBC US Election Preview Video FR
.mp3",5.54639
/Volumes/Expansion/PORTFOLIO_FINAL/FRANCAIS/PUBLICITE/CK FR X02mp3.mp3,16.245674
/Volumes/Expansion/PORTFOLIO_FINAL/FRANCAIS/PUBLICITE/Car Ad -FR.mp3,11.686551
/Volumes/Expansion/PORTFOLIO_FINAL/FRANCAIS/PUBLICITE/Careveo Deaftt.mp3,10.667793
/Volumes/Expansion/PORTFOLIO_FINAL/FRANCAIS/PUBLICITE/Careveo X02.mp3,9.02133
/Volumes/Expansion/PORTFOLIO_FINAL/FRANCAIS/PUBLICITE/Careveo draft .mp3,11.317294
/Volumes/Expansion/PORTFOLIO_FINAL/FRANCAIS/PUBLICITE/Chanas Auto X03 .mp3,5.6961513
